0,1,2,3,4,label
-10.800341896418592,3.172799437585601,5.239637858523659,7.307206536956507,5.994013455466672,0
-14.990925037229722,3.017590192414752,3.9777458077087764,5.360930759747364,4.784812559893974,0
-11.717584316960485,1.4840616898665318,6.603974188254914,7.225006862180285,3.8768185094394108,0
-11.451782873593233,2.013036834532249,5.301217974545394,7.659808322903374,8.734456263827791,2
-10.977639335232034,4.676936440980891,6.553846318400505,7.233868943598401,4.575601890840301,0
-12.325822423846121,2.7467898925332572,5.4532737836345575,4.684579467948106,2.429538853448424,0
-11.643372139476764,2.5351974490753615,5.935077640550576,4.113771039710196,5.936094852271464,0
-12.641566512992068,3.900913830645779,3.963473784623422,5.503339670113955,5.4064356936991524,0
-13.66892380579315,4.303433778000652,5.75162184013612,7.894304097242893,4.4460265572696365,0
-10.451139820674186,3.6212488125742177,4.864066243057313,4.358950690021356,4.93157379915183,1
-8.636497052862797,5.196117528679371,5.408499470936278,4.7469212419613624,4.720726966535957,1
-12.092405353737522,2.933794926541601,6.154436135159196,6.096629849265782,4.173990139566058,0
-11.692811327513796,2.7102105734435415,5.008312666802728,6.433754232787666,4.8380645852568005,0
-12.25150490992342,3.68306716389632,5.361083248013848,4.96504350081244,3.534304733500813,0
-8.291933807475521,4.100912359461041,3.8677714731641624,5.748914896866661,6.192865273649739,1
-12.827168900403027,3.493840826407736,3.9898096564718335,7.978787779820615,4.3499321037233925,0
-12.164789781052237,2.2970607195387935,4.4758335926067225,6.798351276768755,4.621066700639663,0
-12.237304427505483,3.8203052100807104,8.146037004767374,7.185548806448385,4.376386662953659,0
-14.089257720265728,3.866051307242377,5.80831702955186,7.965632823180899,4.364964411314698,0
-13.219787517041278,3.173381692972937,4.874209067033841,5.252462495954013,4.201222581261352,0
-13.564980274220515,2.3591683465554367,5.46019828563906,7.145308937239856,5.013221568456782,0
-12.65860029402368,3.292092277391008,4.482691583318548,4.902537318360667,3.6840833949898095,0
-10.71413541835382,4.218205494858415,4.391760318386886,5.481072447981859,5.398051968206154,0
-13.276272208515644,4.337099557129164,6.091657784743154,7.152145103355119,3.306525257005335,0
-9.976551240815182,3.265319840695358,5.0521457801400755,7.074867647385007,5.914126469407849,0
-13.855668257059207,3.769950111368435,4.866102584063296,8.129520182380311,5.0729427232868645,0
-12.215261902575369,1.5103082641922754,5.818353767696737,6.210831741914884,4.6750149718409615,0
-13.685642198886939,1.1370036548378484,4.806645595205295,6.809043359073124,2.818898802916768,0
-13.479518293459131,2.404454931606219,5.311711721640421,5.409858135547248,4.873113863998534,0
-11.040078792642587,2.7748208990187266,4.000015948339474,4.648906583968314,5.643731675894666,0
-12.433861226889983,3.3288052071868055,4.306237470268059,8.57631226080378,4.299735008527158,0
-14.137552722864672,3.4737379526529013,4.519810081980142,3.885122495599372,5.085865422622961,0
-11.978767891668491,2.5561928760418557,4.969015035869676,3.9085746273337665,4.502542785789409,0
-12.353949596621451,2.7143579398109927,7.059250056933806,6.232776028237234,3.3877530719441316,0
-11.14173964500876,2.0989838887538,3.537428411425943,7.6477953347086975,5.896118537406252,0
-12.819596092423092,1.5103729171561588,6.247068908579119,5.433499809809115,4.216453771755092,0
-14.186891722559409,2.911063179805967,4.951563462136856,4.4374864616115,5.132306379247826,0
-13.908458070879272,3.825682767031458,3.611794172687695,5.893924070077719,5.04667225242635,0
-12.927156900402409,4.242228699303485,4.356631644438175,6.38825522838099,4.825506665971477,0
-11.474736693284791,1.0738231797495086,6.358523997490903,6.0913630895762525,4.855066577451213,0
-8.836844342646087,2.5340273542068728,4.013963332813215,5.84587032554716,6.507593663615837,1
-9.860734387189982,4.249151088399198,3.77844044043991,4.1267998870069755,7.297677688682696,1
-14.289879431542968,2.3715457679045926,6.493002159994191,3.9545227955362283,5.100046478578414,0
-11.227354042400103,1.9247184499077583,6.138257685078429,6.095350190527039,3.797734098099955,0
-11.155436963559653,2.8079632924354767,6.327078889086603,6.118030194363189,4.925760512780349,0
-11.79290314307731,1.506389212354109,5.161380817386993,5.398081433220591,2.5234579628210776,0
-10.734726866144038,4.939236349632754,4.714477526079847,8.56079623348577,6.082008516986037,2
-11.979600247582434,3.5499188985986168,3.8720010633848725,4.954231171071844,4.785046860019427,0
-12.925502346639787,2.952745967417296,4.389419430769027,5.813812925147918,4.5325938008326645,0
-11.286930186535272,3.2893917889111632,5.1188309591867736,3.404124241828536,4.95692482059517,0
-11.64184695678506,4.823454723689158,4.366356105113633,7.590285406680165,6.090698258182337,0
-11.320619119112562,3.3484046406409638,5.912555028359997,5.992009518357194,6.968148338603108,0
-10.784002058117748,4.43335841094981,3.3555638852439342,4.7910159728886965,6.462964770322818,1
-12.517400697959282,2.8639428499484705,5.203810227665961,6.244061311737629,5.513084423399194,0
-11.378126097840362,1.7967334134327555,4.05887997973793,6.1368477966063555,4.209007882985406,0
-12.146946911082132,0.9913147786892331,6.49678769934649,5.6651816530223655,4.702450190310415,0
-13.475714118866922,4.548865391507663,4.510763572293635,4.621287052757962,5.654471162464091,0
-10.76945107969339,4.232941071806997,4.72019313020347,6.358517703197992,5.524939230874622,0
-12.04227355753852,3.432319612662456,3.7878565010710408,3.883760307870435,4.093024097335876,0
-12.480524519171704,3.8816768010121874,3.6793246404191153,6.74261917728262,4.359716292097536,0
-11.678855670399008,2.6443029471788955,4.867478116043518,4.169810475626814,5.86802041815321,0
-12.622585816530938,3.991417744092134,5.311853789707534,6.274603717510118,3.468748442745282,0
-10.918513259984731,5.313517081318597,4.192558111658725,4.9943780067619015,3.886013075646925,0
-12.262626070171299,3.312705277163887,5.0236943838429795,5.809347388140753,5.448426295880342,0
-9.73473752312906,4.207827804721308,4.013202079271405,5.313930050613435,5.804388051893243,1
-11.08485548688749,2.2544604327641613,4.042509918484896,6.4474496870772064,5.278310074143731,0
-12.162552669384581,2.3246629088920487,4.247292057851468,7.195180037594008,5.1630813288507875,0
-12.357460187667128,3.579268968312048,4.202134793723834,4.703070271617125,4.997564828888436,0
-10.235033849553169,3.202756318767851,3.8818418883305377,4.975644831665272,5.526455992225489,0
-12.126613497827055,2.3640478387101598,5.77586567703958,5.934897744968234,5.10729664547832,0
-11.05041618881815,2.907347237702781,6.084105625167903,4.491908628174836,6.623910176790593,0
-13.273283853667328,1.878495768940346,6.16259699396763,4.366886908874716,5.146951605532507,0
-12.537822490382405,2.1230946999458276,6.591047302123949,8.185036396693608,4.402481942239753,0
-9.919117088342214,3.8017719912990877,3.7234010670199535,4.0829766635215,6.128790541632807,1
-10.789695850714928,2.2780284864912956,5.591709330283815,6.49131954695311,5.644488471656773,0
-9.241913350596365,3.7262076339948917,4.925913762762925,5.7097234425399686,5.313956066845646,1
-11.771127742004374,3.1113044758862576,5.084466944517458,7.6711875961150096,6.239513496789584,0
-11.459227664537414,3.2451122065997873,5.366953629749432,3.831334074753291,5.510426927582021,0
-12.848123901798644,4.922027973918732,5.5147661769290535,5.994012197021547,4.157709966695166,0
-10.877752406623143,2.0648679239956307,5.329204473414298,6.544270032089461,7.061388189225024,0
-13.393727058699715,4.104179671724564,4.0676597141004,5.056843563162734,5.436606231699666,0
-13.370614980965541,2.829232927195983,3.189286762799023,5.021761027495696,5.059172254768034,0
-12.253550337153102,3.876153582327454,4.133124782910565,5.236783797782552,8.611429036059828,2
-10.124624167844221,3.3906441799024245,3.538549134590899,6.2341559385908445,3.89470177858688,0
-10.012030644605106,3.8133052207623233,4.4778217537515355,3.9635968121752345,5.446771027828936,1
-11.639151654126405,3.036641531292782,5.28533695992653,5.146553656030896,5.137733755591315,0
-9.8130600054239,3.4293019440659913,4.9003806577319455,5.257637570191612,6.112691976026367,1
-10.378299765885847,5.147263273456897,3.1109126541116767,5.555146290079791,4.824583047073714,1
-10.450857656392998,4.312102201841586,4.979974529906143,5.947517658507398,3.9317599129958314,0
-12.580186509247135,2.185553111804917,6.0906687041187215,6.1859532451290065,4.5988541604161295,0
-11.786040512201614,3.8107391827705044,4.4627808284277375,5.527961877769802,5.373653308071154,0
-13.224855238171703,3.221295166940488,5.038815235951416,7.359447724446424,6.384741337455308,0
-11.57505507593319,2.423155270270646,5.140300617825185,5.464794993482092,5.521730693935952,0
-8.615217968453733,4.70274689306112,4.125582982755529,4.952831625105506,6.343328953637126,1
-10.710712995670685,2.577323903997344,5.372726429339033,6.0588237627047805,7.29944044226596,2
-11.500913136093939,4.3766323272977985,4.193170268279754,7.1252577939729,5.49793312765911,0
-11.062128627607795,3.6553308260871953,4.802714867871624,5.990415281636459,4.80555171501229,0
-11.100903357101377,3.417894003985747,4.621926651695432,6.909233593773807,8.212693022496074,1
-12.825196335943488,2.8975566345766577,4.260193149917938,4.700738921439007,6.107407007089456,0
-11.671825809771764,4.089974183558599,5.64130401367934,5.96722135260295,5.0567869836241215,0
-13.387902091571474,3.7480051122112235,5.902237412480521,6.403989851093784,4.393781602910558,0
-9.281980027544476,5.966184455259163,3.1133761308647587,5.101756896494223,5.49669973010859,1
-12.411734841804387,2.2437083717945834,3.605293573229275,5.243039369789888,3.943546954019221,0
-13.283619976860498,2.9233823580569,6.01100174040673,4.2820066963853325,4.476220121065746,0
-10.37446304894191,3.237946062309739,3.878746136143339,5.699013384481144,4.7462485532992185,0
-13.320401077323227,3.771133499328106,4.943854490543119,6.635589496306938,6.398312769924911,0
-10.651071925539412,4.098068900073787,3.546655043771003,5.980491136492469,4.93554615530041,0
-14.16069585028823,3.535333153436883,6.099137307341658,5.93145595814653,5.535810691333387,0
-12.037360694369024,0.24468068706704438,6.248622732972947,5.7577770227905045,7.131607942853854,0
-10.845613376997067,2.3218059522874377,5.672458400774625,7.33933695091743,8.911082261255176,2
-12.970439400958032,4.083201171868235,3.6778570018544436,6.2067280678595385,4.445187268190705,0
-13.857212288856552,3.050609351945802,4.597999564466159,7.306835859319717,5.132167969188296,0
-11.442413561483528,4.160124162777108,3.4661481361050965,5.543464633650234,7.27198824082058,1
-11.193214996663384,2.041371921039783,6.990760006386308,6.153301136122011,5.840189547496686,0
-11.08004659302139,4.343166070183076,4.157544121638759,5.78079693571847,5.216243673813193,1
-15.27352832783064,2.005994777663473,4.769596843160821,5.668749629218377,4.80992025867159,0
-12.893745781723513,5.459991083677263,6.342833794638413,6.586631624987295,4.004782495866876,0
-11.37798690234556,2.18039379100117,6.933939321578258,6.989295969419604,5.800737204259418,0
-14.122859614939031,2.9167824826539057,4.905689688537679,6.70426146475992,3.999807576152734,0
-11.058643275894061,2.615683863016681,4.413323627520615,6.861342444859155,5.7792404425598765,0
-12.380330249789278,3.8102202788574995,3.971712978082196,4.591626459655734,4.641794591221849,0
-11.843427710590147,3.2652675950489822,5.308812588281425,3.390282558639932,4.033509195440906,0
-10.202239284874556,1.9872132495122443,5.823623324342106,5.705349646648879,4.40752942848819,0
-12.230542318028013,4.202158022810487,4.144569435156149,6.221988868382168,4.632822883287268,0
-12.181983279243962,3.044908556281235,4.817041616876699,6.708512001707396,3.4979814431252985,0
-11.31806938239242,3.9216450155754967,5.431072225279976,4.828785941530193,5.030329593712688,0
-12.248604757067932,2.531672022892619,3.8105793932662673,4.974937587046662,3.665535067854706,0
-11.04449641381404,2.96903984612419,4.543907582825661,6.968389820659936,4.717699294208172,0
-11.625295856615576,2.292385738212394,4.976627646160314,6.209686905888756,3.5820145831512455,0
-11.762051750548329,3.5275539744459405,5.454531490478686,5.7601557361148075,6.742473238118652,0
-11.164670590884121,3.7404126963699134,5.917982454037925,6.196129086008469,3.777013539546854,0
-11.510647103814769,2.682020701419916,5.081218688018546,6.940336844045694,4.769697400241365,0
-9.691188988277245,3.5377414554178714,3.8997627316558274,5.8577141533009325,5.879839606129578,0
-11.180359179855976,3.1345426721359813,2.8927678455822816,4.907791805475306,6.394073359051612,0
-13.650523607175526,3.213142592928087,6.604933003789073,7.1829133001825545,6.848353637535311,0
-13.832767780682804,2.868109825930475,3.3729224350222773,4.6509966617831555,5.70838661344995,0
-12.402783179619483,2.293901629381181,4.512203122293232,6.8306946993226445,4.915100632407183,0
-13.063938176169454,2.8758183424683907,4.5101020892963675,6.9906617458698666,4.752322876966008,0
-11.540715457208073,0.4543945975607917,1.9319938307289752,6.457457065707541,6.616972865185918,0
-12.262880552139054,4.953746453542669,5.710813630484078,4.736994585513408,5.729923040324756,0
-10.84312604660621,4.789803054238832,3.3328560353474295,4.70570568211185,3.6577401376043155,0
-12.33948064051454,3.219855449793737,5.023449975251348,8.048523327917643,6.063276921883066,0
-11.45670267617673,2.2860753212116505,5.089433867859215,6.327567689466084,5.618001086928206,0
-12.861315603439277,3.3662346895555575,4.251296239080574,6.373136803395301,4.8458900992799485,0
-13.224881692436458,2.1697310861037455,4.166167422963082,6.845823332010645,4.025611440459175,0
-12.49637421642518,1.9059853579678712,5.4243497267553,5.451354904811175,3.292690305102296,0
-12.59934514292436,3.2897190334234137,5.652362908774718,6.704033866978666,6.073454271518889,0
-13.279620075909403,3.3099518291386176,4.072631287647219,3.6034848418222483,2.733761916080388,0
-10.578479658236756,4.855233093918471,6.231058313886634,4.756581936192381,4.929487173934889,0
-12.471800248821362,3.4286468849860707,3.9052234448800816,6.427123730548255,4.429428372225995,0
-10.936174376674794,3.566042418683269,5.434988427926141,5.349653821933204,4.837040157913051,0
-11.470485324202818,5.544979085278857,5.571650451607772,7.670074372393563,5.727002862735408,0
-11.157655515157584,4.810848262069375,4.863690231870251,6.180108423255835,3.3956018005959376,0
-14.297988015544373,2.7935134368520935,5.269827602267532,5.274377783886692,6.752272032097929,0
-12.69647833118944,2.866540119522713,4.246563057244288,7.106471977241838,5.855491600127193,0
-12.15930145974131,4.736132919046882,5.344350598769839,6.855748987564218,4.233784242519084,0
-10.417837185877184,2.1188957608485373,3.302945617783302,4.976028869470395,3.5949804789236257,0
-9.981297876659843,4.386683621453344,1.2165276629487378,5.199266817042723,5.702481686006516,1
-12.614279988507507,1.7822662062897439,5.967444251655644,5.399920640029267,6.220650203302186,0
-11.570822677528822,3.2079115589310656,4.69664180281434,4.755381101808671,5.325769114531722,0
-12.398954551605888,3.810783303467549,4.739190124088512,6.122634795358888,5.471741341595987,0
-11.853979618434712,1.3332978183877142,3.1495243295699,5.622751411175513,4.278017392226601,0
-10.323570177453652,2.290275978830722,7.952065425443121,5.69470131871541,7.829240978329011,0
-11.824823570128038,1.7924078805570862,5.361823187076638,6.728953072900215,3.3653406861518915,0
-13.00921780771291,3.6422634745503006,5.3806430028602525,6.725047314538401,3.937357839841761,0
-11.900516702648668,4.382624977018116,5.335330613525008,4.662120854910604,5.683540444012641,0
-11.049891968269295,2.2398637898228353,4.784873426912332,7.1371658293402644,4.307998092819798,0
-11.087597899384468,1.9710428957765114,6.034902655063433,6.163346685278649,5.847676384041257,0
-9.440282120057867,2.7207400066142267,6.0219464055654015,7.603036789174107,6.540745091110913,0
-11.852071121577017,1.93661647769218,3.900961760300965,4.993670012721405,2.6768414588717007,0
-11.992798399792944,4.516879361497413,5.24625136876441,5.82612193715308,5.6894850177274785,0
-11.473194430151224,2.8810867321233053,4.4939563918417225,5.827344092788648,4.706776636637437,0
-12.984595264175589,3.403200468619839,5.932856212399339,6.034560000111302,5.362431456301736,0
-11.986089689231266,2.682218566164226,5.11384329294492,5.798073463455178,3.295626260622557,0
-11.506644850335986,2.941611932094246,4.158390982085251,7.0959384272584165,5.420935054814204,0
-12.38390183447806,2.224858198730166,5.268614249511895,6.388859421865621,5.598313805613475,0
-12.26842113856306,3.5977581097326894,4.873346079252212,4.548458146271076,4.417842028231054,0
-11.306526237618513,2.3335030951703617,3.141337687867015,6.105867027765612,6.259778408106555,0
-12.444707876888614,2.475025181574315,5.4471504435310605,6.342547429800511,5.2494325724143645,0
-12.974387364469917,3.469655749014624,4.400840224079556,7.470268740575925,3.912597385608115,0
-11.765240798976977,0.5264965231985328,6.958654796740998,5.835451513611163,4.197703311910663,0
-10.439073071024769,4.556919774282182,4.299050600136622,4.623255494346967,4.308877246081236,0
-13.996672317817401,3.5228469191447846,4.411312364335862,6.279489914625244,4.964893996171956,0
-11.989678133348876,4.234337714945661,4.643714023697139,6.779137708204265,4.293284176893306,0
-12.939464548116725,3.275847384633451,5.427606857362838,6.4167463323906,5.301753913621248,0
-10.391211213590633,5.117258322011137,4.555985196370518,4.537339142002144,5.725305683030343,0
-13.005882617694915,4.369614204189636,6.18488902916409,4.866594760068037,5.397302185867481,0
-12.031444788369269,2.815168484495142,3.667938573104239,7.13399634295282,5.924472404648401,0
-13.049547415751016,4.582306233219695,6.055790930205831,4.9252544846432125,6.446709243465769,0
-10.88645367283704,3.8390126164439153,3.9210102835188705,5.393010220726532,3.631016343512606,1
-11.771242609058692,4.212764067240367,4.98412400701111,8.648112375446502,4.951294456744131,0
-11.912870511203039,3.39215011396977,5.11373961013692,3.988104419226819,5.970860937961769,0
-13.21430295289056,5.554970810888848,4.39344385412736,5.12728358630276,5.355437448761588,0
-11.264415219100572,6.526590428745988,3.052450860087796,3.521982524432956,6.085840439505368,1
-13.61857935149872,2.141186979401504,5.776627819515244,6.057510345828427,4.896951668188393,0
-12.287641973526704,4.885144807144571,4.897828028742468,5.530303007429881,4.724450188383129,0
-12.594882670201178,3.974895402291983,6.082367268275915,6.155597144244596,4.404940234751813,0
-12.526583794495364,3.2171094813998637,4.823120519998438,6.493268841922803,4.429613272907169,0
-10.473948504455521,3.734982873428014,4.946434936414259,7.078443688798084,6.407888379906855,0
-9.994750206627163,3.648628709192206,4.532384485033952,5.443157492842576,4.831329168240639,0
-11.055657117950567,3.4114331007960255,5.313223136059855,6.136687600860144,4.535784665503265,0
-12.319694481326183,1.4693842115987195,4.684308084963137,5.594275438678112,4.511290537263522,0
-8.588788866871237,3.555469846707087,4.2965114143021985,5.107807954516902,6.275092067552817,1
-11.846164622346784,2.541659987198553,5.822140517047435,5.006046276047488,4.815927803282894,0
-12.740979849109909,2.4566498050400547,3.2442006022544314,6.663252153296719,4.527802891566168,0
-8.89058452897967,4.906846657565746,5.019909429020888,5.447024804163648,4.9320825588583155,1
-12.088953884437831,3.198542773324606,4.876672781550105,6.016988480748961,4.3170002279735815,0
-9.797674883735985,4.156140679009702,5.4144828891948436,7.1572559506186675,5.654413803148934,0
-13.035013369978827,1.0485799531671005,4.725402039859446,5.35352177373454,4.003233355329036,0
-12.901477571849119,2.106464923442032,5.815491734889832,5.594808491959215,3.7490189680831465,0
-12.561359511999946,2.989271630705634,5.114136272255812,6.778377618696993,4.603010624687422,0
-11.966986856671806,2.8601187175850824,5.40145013890636,4.690890710940489,4.559382066786211,0
-13.062467817260407,3.359132281227326,5.268149781134329,5.892756015705236,5.067547626333068,0
-10.374228886657063,2.2437690364133243,4.293876177343867,5.874733053592616,3.9209189276744234,0
-12.711218925766747,2.7187819519075704,6.810790536745818,5.256447716323613,6.880890820664057,0
-9.608338449229738,2.620036131874678,4.203963505939591,4.307364644663333,5.399140545404623,1
-12.880922458857158,3.5755871634732364,4.953171542099164,6.015188807651988,3.9032387434895686,0
-10.854763478400745,4.595357179312007,3.2816167888849406,4.687922220997586,5.3766569945571,1
-13.965564995096212,1.9338435316544687,4.390740308036009,5.159208888469933,4.675333086107491,0
-12.249805368435462,2.490567380612683,6.991091788602984,4.252984604141649,5.345283112546805,0
-11.613271652354566,2.97837230194402,3.9871228178506293,5.831043955454144,5.7727904372066705,0
-11.58872772350186,4.445373957916423,4.419745106059437,7.576081729700745,4.201090259968132,0
-13.451511591531828,1.9929950596976198,5.603719940091588,4.126190505352884,4.971974208964114,0
-13.278246897963292,1.8389493028019432,6.342085537361661,5.998796652680407,3.806188790331883,0
-11.0724497922671,3.1532012674160153,4.722980522918267,4.296543931294354,7.309607034594871,0
-11.799032716973402,4.534154869677343,4.220588300127568,6.257173030166819,5.313170993181796,0
-10.566632949425923,3.481228513292409,6.056581259794213,6.553773613519952,3.4403427557690947,0
-12.26360186622706,2.894393160394346,4.011074295467791,5.440865921262749,4.91676765012704,0
-11.894628087487146,5.765632210473553,6.0963657525232575,5.1622783004586985,6.355212923347364,0
-11.63167430032819,5.019215709278941,3.3613992044097887,5.023291721100036,5.158298752476452,1
-11.725960905395402,3.444626537067358,5.769990738200928,5.266399719635668,4.390402450514477,0
-11.939261824149233,3.5636971428181003,4.598768431662022,5.2531136290255,5.567086930508576,0
-10.980648319383125,3.571583200923807,4.674741436430998,6.1890117222436976,3.7840293359843216,0
-13.54290772919958,1.4379030922668745,4.323907436767755,6.654070131978591,3.5609165397863762,0
-13.36845625429278,2.683323007320663,5.416582217385371,6.302559636513261,4.712024354438614,0
-13.556593318755056,2.597706164787882,4.094987388838392,5.603430023188629,5.141292794875793,0
-11.575980956193376,1.9189449538161754,4.03978095837446,6.559599212422501,6.722356355538305,0
-12.196897757532698,4.45669287151179,4.04774621119961,4.440749219753155,7.376102610495503,1
-11.830414359966385,3.3043684816539725,5.450724288007214,6.889219439907101,5.327083655810367,0
-12.335292674177195,1.7654266340327054,5.121129310335318,7.612339107659942,4.074361397697058,0
-11.81511188186844,3.855976902414564,3.791707972146354,4.895490584459454,4.692522592223483,0
-11.955428600407052,3.4069071410757927,3.959212100145202,5.260268924921742,6.006924795820983,0
-12.285277164257536,1.3337280971458996,4.634460530015732,3.65231010280617,3.5033211967421676,0
-11.830545296213687,3.7562438276727375,4.133084139917596,4.303177153972049,5.958272252652028,0
-13.583603201926763,3.4739090408902245,5.7708755867616475,4.3374921650925575,4.866680457231843,0
-12.425475908086844,3.7352802401811083,4.450463486754333,5.888578409592034,7.265650507493693,0
-8.733321595005703,5.691190374928288,2.7406942156674243,4.6341683703897125,4.706329354766556,1
-12.33287354673352,2.6703748027989853,3.6617207153979385,6.727166544784455,4.059885824675052,0
-10.680365098836278,2.058859576719129,3.7530959212277897,4.842743994892252,7.322735570431442,1
-11.596024555797117,1.3737957883982508,4.782538288341648,6.698652960258612,6.750306255984952,0
-10.352950989392916,4.972717364836306,7.035162932545868,4.898387758815889,3.9950636234735217,1
-12.515633659222381,1.588782277129097,5.112025939008577,6.36057532480722,4.613020307412357,0
-11.603980527402577,2.094436241497209,4.953077152562066,7.233127291958479,5.605531235319356,0
-13.455292656757562,3.017530625253114,3.5396273153548248,4.935928448237888,4.208675429587398,0
-10.932822444767666,2.7213771320052227,5.732885289415043,6.157734189611159,4.908611638941664,0
-10.017509458011299,3.186166469846487,1.5450380910538137,5.244045751866225,5.185261582756167,1
-10.217795174865026,1.784410968691456,4.051906743046478,6.151108053726074,5.457017542477886,0
-10.004509702525759,3.283440066834959,2.9010059532821657,7.170216267906877,7.424668188926523,0
-12.550337613923329,2.434600586082516,4.59167176367178,5.560999442160163,6.116078880575428,0
-11.539411855293286,3.038467697784735,4.031971880673795,6.255126893874257,4.021424286347572,0
-12.435568183779386,3.557002690570865,4.932148836514546,6.8596789044145074,5.478515875197806,0
-10.619113895555262,3.2619182967518334,4.195002043249358,6.47240405759325,6.065630834154776,0
-12.321862065667846,3.263225323067252,4.077928415912396,6.609679321138976,5.654374947774077,0
-11.24796952269582,3.377622627296301,4.20874330556525,7.967671469009858,6.0108154749139695,0
-8.725451522754364,4.469738236462109,5.3367011390365935,4.060605416920245,6.668673052789228,1
-11.763648903629536,2.503261285604074,4.4557114579130515,5.340926650847236,5.206681272595381,0
-11.096024214632829,4.510673754760747,3.887365100345823,6.604043849586907,6.54197296791123,0
-11.772950758559814,3.155611611746288,3.8585126163825985,6.392904876334935,5.0863656635032735,0
-11.393486205479071,3.4063362810242137,3.9845031884640774,5.1440449046072185,5.891106821756091,0
-10.452052113309316,1.6526901209987928,3.6422435985559587,7.947809923525494,6.044577558429436,0
-10.997840919826846,2.33339409486787,6.962667100218195,6.448317297872549,4.275003155330338,0
-11.489501763792175,2.097541559784744,5.888387437485284,7.273161674144809,4.198205194722897,0
-11.801728007665684,4.533503655469628,5.22207849987266,6.031016512929224,3.171588979780768,0
-11.85626536606968,1.5314217147079359,4.756106552423612,5.488918068479977,6.281168031697069,0
-9.142873511183058,4.615703161241676,4.499278111406897,4.895929443787875,5.500666944778541,1
-9.858833235287374,2.7404730833586637,2.924655668719104,5.711108269711664,4.627984515534218,1
-11.107587530803505,5.36549224888003,4.134424882035891,5.09187100953445,6.243016415927229,1
-11.712869258933011,2.234948537109036,5.266565871629721,8.01984339258892,4.5486967715773,0
-13.559046953554162,1.3092455493325634,4.155644478881792,6.096570820901181,5.51339309387495,0
-12.883433057329512,1.5748100042325157,3.8341167568719987,7.07086827408835,4.132925094057685,0
-11.174538912239466,1.5956632429248716,5.673246475295546,6.178397035713832,5.411959581404921,0
-10.871546949513425,2.521048392699152,5.7501219196162765,5.247771637296491,3.915434390587526,0
-11.226498780104622,2.5409683484694137,6.850027114768778,5.399003892912038,4.695127247395654,0
-12.313273262970801,2.851814424787203,3.6051887119378305,7.847024330335662,6.069321772968605,0
-10.334870746408324,3.826138094426361,4.063699166876587,4.7814427995674045,5.663546648177909,0
-13.230997986597064,3.3206543380536133,3.7246179809971895,6.061583856994504,4.123622939054502,0
-11.316752838389244,3.9295174882569404,6.355677227454259,6.475114304964527,4.997581779452838,0
-13.901526327654599,1.8423787961786617,3.522730444913657,5.171638540460011,5.159513829354537,0
-10.955394732219544,1.7905980733596574,6.528534521994025,5.074301642375329,5.693501717008255,0
-11.8717560943109,2.492034880450053,6.142518297732398,7.065303367164562,5.161303067493971,0
-9.932602616023017,4.223147466062072,3.7972791498150005,5.1374009161696454,7.013865788552338,1
-13.834795257655355,3.3274964731894148,5.476237234367722,6.168428645614648,4.13758866889159,0
-11.279817127531155,1.6361405896300487,5.108401599012374,6.165033770387145,3.957167024181962,0
-10.939899930067416,2.4596387208802746,3.3158136082631193,7.097867097372034,5.508908378959191,0
-12.295217503069843,2.3189507257284863,5.329269800252609,5.151370254178072,5.09708821291073,0
-12.03692606932947,2.2779151473119748,3.762861804833272,7.0048587873227035,3.96932035194545,0
-12.376624157920922,1.791815378542819,5.263224895121154,6.360585955260639,5.213341476774463,0
-10.061838570878422,-0.6958251573112242,3.9466754318439943,4.940742899071329,4.710474204095893,0
-12.029946241065431,3.0470901045979577,3.829141238324678,4.087472708650435,5.271542219821209,0
-13.651411553420358,2.1476154639885965,4.784791155514195,7.269257496111366,4.493448254308714,0
-10.769851712317612,1.3010624850923171,4.692625144365699,6.390692678692992,4.9411744954988865,0
-10.739842085523549,4.105915113833902,4.03511988642504,5.762880389188018,6.10468730898683,0
-10.617050272252044,3.9748599629230554,5.2428705724881,5.2769792436611205,3.619319191156672,0
-9.815823789442348,1.8490514390562833,5.790496521118608,5.55983509005101,4.424169436657352,0
-11.759287504028391,2.808555207358015,5.830499254527235,6.27064533311689,3.5679971005922386,0
-13.026287457699398,1.4947213411356661,6.218116912364025,5.864776354387749,5.785526025227372,0
-9.856901658858343,4.293490019397146,4.8925876676175095,8.502830978474385,6.082253835006001,2
-13.648356098069538,2.2238116106472767,5.798988694736395,4.986506617947091,5.714148403601097,0
-9.518254229430672,3.437656045138678,5.72984890360072,7.204884534985534,4.574589244819486,0
-12.041269808861632,5.83619565723608,3.471422543601774,8.16507096024648,3.4660781265643945,0
-12.27396138142518,3.695113898535893,6.883885624596306,6.8476314963239275,6.838488453133911,0
-10.461695309261037,3.68164125866004,2.7901391508020206,4.613319672688453,5.343265776077442,1
-11.271537251588834,2.2324016924167625,3.570368843414293,5.971981079652868,3.9542783614512382,0
-10.405633981506897,4.492374877825232,4.65221397771784,3.9403796783163,4.6766597779971395,0
-9.440353831226057,2.484746266024903,5.3881479219394315,4.695679632173112,6.443142304177595,1
-9.224399797218007,4.454397896768619,3.068652365332233,5.125090626287463,5.868041008138692,1
-10.756823598512732,3.6859245654394632,6.705830715490647,7.065649543513397,3.782649366672848,0
-13.318652797308616,1.3862959577884943,4.4755500382170315,7.132450199072581,1.1023083843153993,0
-10.464678387964021,4.8565447142049,4.443231471293302,5.246560943143069,6.934503763259099,0
-12.925329382983513,4.6465382215115,3.9708519722573357,7.260004996839367,6.5689246431448325,0
-11.677934701404547,1.8689998405528767,5.157861140178403,5.079602444057592,4.254090121379907,0
-12.380433628318082,4.378163045161462,5.993080260871222,5.977651514945678,5.939561244484939,0
-11.909057203473399,2.7877488152872347,4.70557378051112,5.874022103733356,3.9611619806261347,0
-11.204411507182776,2.738690810937897,5.714585379605884,5.629163931495721,5.128932901474202,0
-11.100170780152983,2.4875564336791856,6.469928824686801,5.179398663370666,4.868789459745811,0
-12.05001051625721,3.1026988570387686,3.3698970900856833,6.271868513786762,5.5490291792671576,0
-12.242864607982115,2.1169649061879037,5.012713749471171,9.010748773170718,4.7531827949325045,0
-9.417315364430074,4.035279190895457,2.96692443581615,4.5313884354526,6.990251108476883,1
-11.45682634352985,1.8656837457206001,4.723235071490726,6.617159356279367,5.0369612940539845,0
-12.781170385537036,1.6954306357052538,5.834412546029247,6.538500582985184,4.84720247493714,0
-11.470715626030374,2.015918385961826,5.9008849727216734,7.650690978989869,5.202458359068932,0
-9.59194007654721,1.7627893080602202,3.6528342511014524,6.053751365165962,4.040520714842957,1
-12.494721677279086,2.861004881648762,6.154654424427372,5.244060254082939,5.119815486784047,0
-12.101603237433894,2.3384038352735783,4.721692022120201,5.510546343234483,7.511715946731208,0
-11.044927765108248,3.5790455110267727,4.601516142987384,6.0643890501559845,6.470157347108912,0
-10.731088598434038,1.6980043853261988,5.233253292273604,7.379368184029081,4.163178433192607,0
-12.344069652646983,2.961601874316759,4.953692608603287,6.850048863505475,4.186793408389661,0
-11.928146270881776,3.6663350773629855,5.3321155831622855,5.663495018917808,5.497755356415276,0
-10.388916279456785,1.6625167923178619,5.315090029094951,5.472174267275598,4.651756054209991,0
-12.941734822500292,0.9000932692914354,7.191431551188696,5.76126672002711,4.917939883675427,0
-12.47392054544175,4.324506920230725,5.422499686000939,5.766797560232276,4.068209650752377,0
-12.227431098214051,3.756470050870853,4.055427477718254,6.2318724163973815,5.813426876017826,0
-9.67822796747087,1.444640029881907,4.491745912292639,5.341187010608444,4.9480166002923704,0
-14.128514555631092,3.2572531677939187,4.2000592644284405,4.390539907905515,4.871293005043308,0
-13.731720251018492,3.226676744622875,3.8801392035488704,4.773462795149815,5.973257433526174,0
-11.822877055694173,1.8261803190674686,6.0365618620090515,6.107405857106861,5.764617639477918,0
-11.657530093544512,1.851707210806424,5.172519256483353,7.956983690806135,3.789127136658731,0
-12.43731230599188,1.863753477054944,5.0452587473285355,5.674796189255579,3.392793259022469,0
-10.801338303551468,4.031171427178679,6.643289444869713,5.160224647863406,3.5309753683992184,0
-13.501906026144724,3.60897934797295,5.3367837981706865,6.128642690142751,4.624946185478628,0
-11.241138799703991,3.82358351553738,6.224460517539597,5.752357549751733,4.616126585424147,0
-12.742512527446602,3.8327625312147457,3.7156196777030215,5.654994677557225,4.282228119674279,0
-12.931997376629996,2.982397194430934,5.827984836988092,4.700756338475432,5.677565122536093,0
-11.868002460133242,2.5152547807247467,6.843541146501703,5.1494127946577,4.386662890128068,0
-11.702709416906988,3.5018619243528124,6.231984889871124,6.23428410767068,4.828257141318411,0
-12.838017061533076,3.0577996429105365,5.719869312356552,5.71627968554087,4.945735335888493,0
-9.802578742626114,3.7276255216852756,4.7307654740022755,4.406433571898033,6.447956812256307,1
-11.030361775195722,2.816873549459686,3.313659762390728,6.639190819934893,4.404162513389489,0
-11.726542685184818,2.731590781304031,5.47026156779885,5.460493735842048,5.55435557878864,0
-11.57496163046362,1.4175706166859199,6.243575777784435,5.155959909487524,3.014435110195109,0
-12.10457358048758,4.1260537874044605,5.5499293219506995,5.062852304251667,6.5835809878224865,0
-10.202282499497395,2.994030323865376,6.831635281566742,5.301324225442492,5.778183390933779,0
-11.09475287661601,3.042693543820912,4.349963548769903,7.9593343606492875,6.607606034627933,0
-12.995191117344188,2.0761336700899418,3.1782748951155986,5.901337721699589,4.371663307419758,0
-10.280181775172116,2.410112308924127,5.615952078283762,7.367414281649172,4.542363132857139,0
-11.906135257539605,2.4134380300554144,4.494336183601622,5.517101824004638,5.9552441474859,0
-12.989488406451994,3.516971309805695,5.770807556398515,6.44396726615322,7.119517666168662,0
-12.561977875668909,1.7891871088754578,4.371418153859734,5.733217549101784,4.683515259074761,0
-12.405617924323833,1.175474712798665,5.611013201371321,5.752835883747683,4.438432845278917,0
-12.913019597460309,3.269558436004587,2.87599156672218,3.863227848827059,4.102660405109014,0
-8.349400667894619,3.2686459551215292,4.051300428152805,6.645016179334639,4.108506543061066,1
-12.122201268737374,3.3866694516810667,5.926177406381626,5.984812567387991,5.165170829603685,0
-11.4657571616541,2.7066664247321945,5.7377289994858955,6.9299871506130035,6.007125929357327,0
-12.488284054345737,2.1287320958646236,5.736601912163376,7.14701186371852,5.506194121602281,0
-13.850024492545751,2.892354231565907,4.272927003942683,4.6923278041340755,4.230855326837405,0
-10.041722943814682,3.7288236040810037,2.789936513460622,3.5321582419471436,5.725700155836901,1
-9.83122046293624,3.3352613742454413,3.051212762672246,4.44515328334491,5.702413226823871,1
-11.34843356240396,2.1802475079551895,4.231594945089427,5.504601886446774,3.9153661204729286,0
-12.189830955943645,3.6074575440625756,5.340988411059324,4.981723557353523,4.836811794703087,0
-11.246044932721018,2.518015706672646,6.268531884825865,6.025034211784429,5.522387907177352,0
-9.952730725077895,4.887077390216145,3.0931728393747253,4.560991725402098,7.542794794830601,1
-13.843211614427865,3.7978071717460327,6.451995281734385,5.4024073663943115,4.997317239665191,0
-8.268947167486763,4.078333078574687,3.0567075626415003,4.240200283306386,5.8778545249886225,1
-12.013497357114394,1.9186140061576058,4.703118630049985,5.273895247834995,4.79566321931782,0
-12.759079072809346,1.8038311006232768,4.184558082352848,6.217281312886579,5.931228768191902,0
-11.9730213934906,2.4977373783746626,4.722782876242242,3.923043951609359,6.215773255882514,1
-12.332717532005741,3.170855235927877,3.8710292844842886,5.953621354341312,4.831349013977051,0
-11.116377644818787,2.657782341027166,4.404777410843729,6.896736019995691,6.178678533573829,0
-9.53693152182074,4.649620158906218,4.936959820014153,5.069255579460539,6.0268421348761425,0
-12.200676105777069,3.6208157614622376,5.665912621476686,6.607721205597468,4.297176039398158,0
-11.478330904898018,3.6698573463804265,4.535088237358795,6.880724111051062,5.1856568622128565,0
-8.872974451714814,3.779053510741741,4.401073473991117,4.466660301554044,5.691643564706567,1
-11.576294652577248,1.0437001491064175,6.872944499212975,6.686050646767361,6.506584649203338,0
-9.079495749324883,2.612423750484864,3.6908470025281517,4.509232677511151,4.8673671361217306,1
-12.443890506601555,2.5622604743351207,4.668649157952482,5.603456156305335,4.238766535508119,0
-11.193374493307992,2.262367278531544,5.566867166195523,5.780701703305054,6.096752567356629,0
-12.705301836485813,2.4037884328857535,5.995652535898895,7.007314574361665,5.991752135019793,0
-12.387149477458088,1.6245065676925996,6.791602189996649,6.508570614468416,4.801649999987068,0
-12.782203390236889,5.262381716982453,5.171558939160228,5.13527773104578,4.5100002485848085,0
-12.23693404078219,3.489722536467307,4.487122449750219,6.3972996213641435,6.411864642933056,0
-11.372921441938582,4.031839833675057,4.5527313201255915,6.322856342050866,4.819223636174966,0
-9.444780658857658,4.65732029493868,2.076387038774087,4.909604116516897,5.90360868258054,1
-11.821381292705539,3.571361389843007,3.74626621393388,6.455288235547615,2.7881220574740917,0
-13.385874968900815,2.9794600291793047,5.09407791284213,5.9723793836760075,4.8611391632842915,0
-12.22975635953806,3.923761380758267,4.202807816204618,3.7472584547088763,7.13360102062244,1
-12.377573537541899,3.3445777509350925,6.305020036712769,7.335276440838632,5.0589906284992985,0
-10.937516904750773,3.611855997378265,4.318864302288963,6.478849041689893,4.2786424605256785,1
-11.567076786504305,4.554545168626448,5.205128711354102,4.925605629767227,4.5892488807730825,0
-13.001770467616659,4.686087106105788,5.072695647482695,5.211559821523794,1.946171899972037,0
-12.16529489403265,4.164149519393644,4.783964328936281,4.48503251544886,5.500854652562475,0
-12.776392552741012,-0.16090262098901809,4.12061387367068,5.941029742769097,5.4428449966627435,0
-13.260788266938736,3.1628335362555093,4.795077646015682,5.091764045951346,2.313293533600975,0
-11.879802318932812,3.373734387592841,6.269383728689041,7.306029843590576,5.510525861501101,0
-12.671196672861315,4.885108233835509,4.965405026912611,6.283159621650499,5.5841159166191074,0
-12.10038014084498,2.5404359518144686,5.607050856282609,6.764860071895981,5.092451110821022,0
-12.657067031031612,4.5105331345693225,3.760933226666247,4.552543115579759,4.696821668878029,0
-13.99331378777656,3.618538446664032,4.21312969113446,6.466460007764525,4.232354742928066,0
-11.737531619244123,2.588733810331055,5.448208689031283,4.808671241783922,4.795099633911394,0
-9.039445006832603,2.986605915027237,4.718085932793991,4.257740898501179,6.084500286043069,1
-13.916663763924637,2.819927437900364,6.269644132459042,3.424317287410939,5.557686213347736,0
-11.28059159839938,2.6783028728811233,6.615820723890793,6.55389521984865,5.528585354383379,0
-11.995694940852946,3.3445504687521814,5.550058117300273,8.251350215026262,4.983177873507081,0
-11.449511611427832,2.4215027558562445,5.550389942090656,6.773297903287596,5.129065716779269,0
-12.477375482705513,2.0111239918418944,4.451628418523323,6.868143696553205,5.340158254888809,0
-12.101279064145787,3.15061224276475,4.156932724909739,6.950065249462107,5.007775373288788,0
-10.284550032356709,4.782079655636741,4.786511236874612,4.816572143883422,6.966203594724967,1
-11.098438561237504,2.821702920278483,5.292286060842959,7.6575206554843565,5.554771752517325,0
-12.771942839688206,2.7982188037484454,5.318586057183499,5.927782279601047,5.0414301482174215,0
-12.405189096124523,4.0483875096606345,5.2511485553306905,5.349391703975623,6.582360941159477,0
-11.969732887093562,2.699503501720436,5.280128153314376,6.74952777043606,4.439979624842733,0
-10.894673060326955,2.5204999320957064,2.406174165676974,7.401942054042329,3.671542839455355,0
-10.994256971888962,1.9396295432382902,5.025924396153663,5.762501115938718,5.088853318904532,0
-12.84800947576614,4.305906357948981,5.924207966218034,6.640411801233094,3.945263017072585,0
-10.912300873615553,2.3726192095438883,3.9180540910936776,6.992660255428124,5.262291362618493,0
-11.230840317659801,4.333659978007927,3.611393744269453,5.18204521840372,5.260905542611788,0
-11.611256051357167,3.8772824343768675,6.391107016124077,6.2343277205298815,4.857182886927915,0
-9.480956341203337,4.835030366057702,5.191381696928833,3.4390257847171575,4.468091272290189,1
-11.509962536452608,3.601427473094132,5.493813407051884,4.981785609861878,4.790924389163407,0
-13.71194244723742,3.8310536779756363,3.8971726335882493,5.964420024368047,5.017496914385546,0
-10.36389434464607,3.5675483189001387,4.583520996981428,7.209922574285093,3.56374296853899,0
-8.014096927658434,2.198629701296519,5.331306487788289,5.46611745193003,6.879104350649119,1
-11.38541289879956,2.7121957731995066,6.611742735569017,8.085224651417198,3.141603903174498,0
-10.183679192209912,1.310498574841325,3.337893174795492,5.9767147300772665,5.5022869690731255,0
-10.564625407825421,2.7761199128992704,5.597396740502294,5.5771120027653565,5.521674545142504,0
-13.524818451444496,2.589951481210103,5.344821243904815,7.268427276308976,6.738293933316206,0
-12.864088895814959,0.06773237439143376,4.715451904753608,4.799267611101257,4.915114917851382,0
-11.694511004304424,2.8445647930587974,5.158058795308182,7.495246662454459,4.418828088015523,0
-13.820522851305657,4.424745621271757,5.070930364387535,5.0628468363031,4.982276036975224,0
-13.222833192648974,4.570509944831526,6.720483897220971,4.816346013446064,4.545761745002814,0
-12.892950070072326,3.3050938519578748,4.4114223079987065,5.474637822935104,4.676456294972393,0
-12.205821923971426,2.0638271758266535,6.71537120524696,5.5649471774377925,5.612317448709591,0
-11.101307592414503,3.2988472061273164,4.801385603974991,5.3312330476986185,4.435967640550218,0
-13.005703934635088,3.1887459724338987,4.8062708496169835,6.905267921502822,5.877394803068095,0
-11.96797500696973,2.591481470646817,6.2723467410946,7.0918687631750235,4.9107931777640665,0
-12.275820658118118,2.3866848849491014,6.201780551939658,4.879551873372558,4.409053185626687,0
-12.776763847578678,4.291089076944484,6.03617192211942,5.249876020732027,6.714947362501843,0
-9.918496835655175,3.087487193220316,4.04343028904347,4.755434840081885,5.504602167035402,1
-12.600614233181664,3.18416586788012,3.989915316749652,4.910758965796141,5.831531069680831,0
-12.502844041929169,3.771924892377634,4.232253285182616,6.556572027395363,4.007714438954517,0
-10.731460157185332,2.110490924931581,6.048820429299038,8.824035589236491,4.60015861261671,0
-9.610979102117145,3.063022760393172,5.29520686923788,6.94179403528103,4.972452470935243,0
-12.019927095658597,4.826179176695229,4.30417961858543,7.323512922165734,4.5168899791607515,0
-12.765450238069613,3.1989001903620324,4.5639323689215825,6.303839375572644,4.972791492099409,0
-10.443169941133199,2.9488678381654636,4.97879208812855,5.816144050264499,5.250672030361174,0
-12.057351456964422,3.5484289585048985,5.571178632176565,5.644892379651335,3.246147477949076,0
-11.851965320557285,3.249513473920717,5.145561162994909,6.84286482659255,5.48603342111244,0
-11.33850428838678,3.428335980704927,6.106094088806159,6.376243038994819,5.6173334950575144,0
-14.411785978173391,2.7640533271907968,6.251033470999567,5.3437325304002155,4.95106855684955,0
-10.588897499021247,3.6765915446439577,3.8618021212446543,4.969454744842045,5.836656853639153,1
-9.76918603202738,4.03853083152837,3.783790351840218,6.3498362965563855,6.046539433140536,1
-12.12483848902675,0.5596205325765378,5.503342195109044,6.120174468068672,6.3120325535587725,0
-11.137312752076564,1.9722827982269548,2.9738631078555615,5.1665961886177065,4.654278524413873,0
-13.288566183927475,2.193961895011818,3.9952164989466343,3.8369647346307376,6.044119501684648,0
-13.01477750112783,3.499113637394939,4.046169595660056,4.682677851192057,5.04434673198976,0
-10.139237547355235,2.657013982182949,5.2347641497642305,6.907152260789693,3.786143371127986,0
-10.978244229099223,3.2706565369226195,5.778642307672915,6.8452736514017625,5.9057221688069115,0
-12.066496249818035,3.3308252181635027,4.791988121774284,5.181279248754347,4.35350857709594,0
-12.05292077373974,2.786632981410891,5.185531890347701,7.105907885698038,3.7862102219893616,0
-12.687603185383194,2.664906233635108,5.2337132055100675,7.677978100811428,4.013573010404039,0
-13.145562682745755,2.0662881240013267,5.918474388263312,6.956791448237394,6.301723509252821,0
-12.4704384338074,2.7915690680933567,6.857311799444918,6.188289536455216,4.859567080250334,0
-10.848338938164574,3.373104184741189,5.538965518567063,5.77879973420927,5.478658913437717,0
-12.172735755192706,2.566454307328973,4.407124264697375,6.127835525016947,6.355411355715158,0
-10.858515840085905,1.0109100484967233,2.743422810075547,5.655654250569551,5.570183537981934,0
-10.781816329820579,2.504625365292479,4.2965254347218265,8.356482797972113,5.402091491254252,0
-11.245679226575387,3.0245300370003214,3.4970660536506273,6.9890770434796,5.663690947959607,0
-10.720381330440095,1.9371054401883983,5.88415799802095,5.585247060689344,4.071056090604322,0
-9.75418179398327,4.756506073360354,4.955604077822853,3.9759654110971754,6.0654818396013255,1
-10.911290458919478,2.9936356812896574,4.335093247225932,6.270068042354289,5.3739129102744,0
-10.669208934525626,1.528257100933464,5.142115466456724,7.545464051862272,6.963231384615251,0
-11.21126224643755,3.822849857603798,5.7760912051644215,5.101465001054905,3.965963266776276,0
-10.611845960195478,0.786285555778389,6.056147161501107,6.631433610335656,5.513992860178677,2
-12.204213089644444,4.966384821851994,5.823346112017233,4.942516019413418,5.551049365853775,0
-12.528919899329022,4.025966518893343,4.990183339274721,5.160151774542327,5.120766182055023,0
-12.152369506651832,1.8769390210851853,2.6008996188531306,6.109731217378693,3.195236287060716,0
-11.915569691710703,3.6789201832904745,5.0155099602451045,6.464515124494313,4.936005957495535,0
-11.934321344941043,2.4789475929654676,6.475034579635381,6.309342578052658,5.052706545637168,0
-12.717215652222366,2.3986707741000974,4.446310594150484,3.9182035834002167,4.223148904555599,0
-14.64618649471771,2.744702290089075,4.871149180876804,6.122054366622183,4.4682900682710285,0
-12.215947245796082,3.058227023441903,3.2814434142198454,5.331551390055947,4.950384825340856,0
-9.646382209063882,4.713189448944101,2.7247942983531814,4.42051609982857,4.65176783000468,1
-11.353871591247165,2.1699192006593933,4.133282956075346,5.180499210276886,4.146157961930623,0
-9.53285041673557,2.5744469625088593,4.76409658574946,6.494959704439442,6.381536621667639,1
-11.582392080188757,4.036777021680381,6.257246596884003,4.88004167351698,6.355290831823973,0
-12.039289076910267,2.062600374550046,5.634237773955219,6.951640581862948,4.892080411509792,0
-11.87217994220454,4.236935113356085,4.182270981492149,4.871237956283362,3.8035580027086957,0
-12.967505668213537,2.488303779494153,4.6838457936673255,5.906313266978526,4.698436006783735,0
-11.406627170018057,4.39018966663724,3.846784381697538,5.423260518662556,6.979583221386981,1
-10.135208109965912,1.9236085714894182,3.5442340666403735,5.339433321733501,5.51282645799464,1
-11.819848315828287,4.185465249817607,4.811721602722462,8.340264303284863,3.6261602757673947,0
-11.95005037764168,3.1947280386574217,4.462790673422388,6.7115106035686685,3.9581013193883194,0
-12.725572494907262,3.234427668773987,6.4519334462929105,6.453165826180544,4.506324424712823,0
-10.39800915574265,3.5584503724207788,3.0486306013735227,5.128821271249743,6.901094972247144,1
-12.535762125600957,2.818609479792872,4.33136054999002,5.484180439535333,4.255330516858674,0
-11.09255550151878,3.422889372576904,2.787571046563543,4.345794259052368,5.321375263805474,0
-12.462674353873592,1.9192497946493658,4.686225860335615,4.982148113134853,5.499422699731778,0
-10.044892035068843,4.091201405188211,5.938911923638073,5.460430485895186,5.254599742349946,0
-11.360852786815428,3.1820094497317357,3.2713359775339725,6.3824627763050685,5.6221892027747735,0
-9.942365076927162,4.324584908474718,3.7173050450478016,1.9383832141807984,6.312380988710727,1
-12.775546410047895,3.9323855555879534,4.634116781430936,6.5155887822427765,4.853476694172351,0
-11.323248934497942,4.6696613420532795,5.444840943985537,5.6891860112300305,4.194684242399114,0
-11.16778097456294,2.570795015085906,4.8517235826964304,6.229167824332633,5.990391181962866,0
-13.763317936836653,2.4549649740655246,3.418455366753691,6.631275319365739,5.252017244286696,0
-11.744874041703936,1.2737272220339413,4.389995541688982,4.81913777924503,5.435690093703312,0
-9.71109701539525,2.9844271501059554,3.7415003693293114,3.894112006385015,5.0850031894066685,1
-11.363259562843453,3.352482157023681,2.4715410959851716,6.0228928104965505,5.851778459005066,0
-12.036579613650114,3.431640016221087,4.345289123143201,5.611906259768756,3.9778564959152574,0
-10.629840495547823,4.341092781033787,5.514199011494231,4.076651186256392,3.8017350135841057,1
-11.020956190537833,3.06351383885326,3.8094290868468614,6.214936916689482,4.887726552745353,0
-11.80719448566211,3.8347876627537185,4.201897540519146,4.943937702529035,5.277207111669619,0
-12.537445949840247,3.3882466542358527,5.652691564634526,6.718543604514291,4.838944266752183,0
-8.14969044495406,6.0757727916343836,3.5991061065677448,4.7625627329430635,6.45929096660665,1
-10.832739063028066,4.595457491924502,5.802612065121552,4.362965753479284,5.225681836249653,0
-13.203923008640475,1.869786992157035,3.7326895045644384,6.87395716081049,3.6049322857716506,0
-11.147484448828699,4.078237052433039,3.7360664406665394,4.265325216264223,6.937380111709231,1
-11.950936483204604,3.9612787490756336,4.996295571987977,4.64530811984201,6.09725617127238,0
-11.696082809223617,2.389731423695782,7.243114758149968,4.79039620594289,4.960266217908085,0
-11.595117909798784,3.8276663468256698,5.699432779787711,4.06033389535673,4.733940239311791,0
-10.055210942013817,4.9354631303786,3.9063071365786426,4.809989216314342,5.953748793765929,1
-14.776204092381017,1.9112779383686074,5.537282874643231,6.157453425162413,6.0440877103605315,0
-11.640236997340626,2.9821259259444304,5.011082317599096,7.560655970655906,3.6141727461073176,0
-10.387114176850654,3.475538523480534,3.5343515034188653,6.993395610848736,7.690536715568214,2
-11.804423363020309,2.904913161282484,5.8317443125542825,6.342038712560342,4.864037658342268,0
-12.504338887365908,2.734144805338661,4.414699531114084,5.60141342700413,3.0034278543151363,0
-12.64776783738331,1.6192892393000093,4.525809079963055,7.269476077191495,5.479879028775149,0
-12.952108337442857,2.142011387320187,2.4827318428489944,6.853508974589961,3.5400815572569266,0
-12.636587611137475,2.7926095067186703,4.126595857865687,5.98815520785443,3.358267108800193,0
-11.982018002590614,2.485444865200005,3.166633630905296,8.021812951980658,4.648684053764809,0
-12.867548004551505,2.8072812565090173,5.042050739544004,4.816712197903629,4.917817323368382,0
-11.878164015323208,2.422083867084911,4.9571072154178495,6.599519665072016,2.5430477676509464,0
-12.420269887386942,2.56992801866859,3.498317921487574,5.634676828302572,6.396437887344334,0
-11.469123538814268,2.625249820867473,4.915220365390086,6.468152963635395,5.4785539819476385,0
-10.724188921264894,3.2820883261140583,5.121193571212373,7.396009994694106,4.655614041694733,0
-9.167366313447186,3.3504530144053666,3.9207131691962522,5.929831656971059,4.433095442623344,1
-10.905014339809277,2.6869612675006693,4.64537012685694,5.297051413684322,3.984972256255128,0
-12.673939261313105,2.5253441304789224,3.93730116537102,4.8093645734767945,5.5033889572551855,0
-12.794635494828533,2.1727000529219596,6.519911144795281,6.39128090096628,5.042795979237377,0
-12.214425292249983,3.700146529221881,4.641065913101301,5.967181117784916,4.123565520193748,0
-9.807625415755519,2.7191267072298717,4.3741420902073695,5.016046761138557,6.725633330945715,1
-12.207486702289522,3.07230956579087,6.00381990890185,5.9880349499630094,5.756152465649318,0
-11.264894430948633,5.743193660446982,3.210064892933371,5.600887653907527,6.060295849894169,1
-14.120141997279017,3.5876365544619886,5.84434333102824,6.67728205256816,6.597574760670792,0
-11.751443446394973,2.9194910564077374,5.581181699051631,5.68488672248446,4.861219300243314,0
-9.8026454693099,3.3437188724844393,4.607653717495282,4.914237130914822,4.559239431229721,0
-11.289297314761228,2.1301408902752237,4.577517945457981,4.93792214332681,4.782279939171947,0
-11.96578455047699,3.0982673412361774,4.748729297800676,6.059721144648613,4.872714912537379,0
-11.248910005817784,3.6383589921422854,4.664769702456809,7.520140950158478,3.468637056265708,0
-10.454762223141039,4.074636663697491,5.241858278663538,4.646116134848386,5.246987221946944,0
-12.185463100959929,2.5081631893027163,5.989361550267841,6.280184869098561,6.504241771743068,0
-10.53524058418583,3.60665758732284,3.2046819351890257,5.646784685399744,4.618502656084598,1
-12.63815112571783,1.2758443667663737,4.342250889604083,5.468672419345313,5.660878308164983,0
-13.587370536093092,2.354285542801093,3.6572109910135615,5.771805420333156,3.3549430029735987,0
-12.24034463099849,3.387691101700348,2.5712435062359456,5.816390959460589,3.3935766469303594,0
-11.830631439381484,3.0910873454814487,5.762502803095622,6.707637113618913,2.933608097206319,0
-11.232865233415428,5.0319372553299,5.332075527794503,5.9231002461725115,6.7167902227771625,0
-8.757691076412488,4.307785640189225,5.651763526615342,7.927833866458261,5.334022653836356,1
-11.922929841271714,2.12933454723933,5.818884624408822,7.535973721454184,4.764129553105031,0
-12.416447133890763,4.156556461107681,4.750138859045124,4.483154950938296,5.466737814862186,0
-12.72384223317185,3.540646301130439,6.335950513577119,5.83571526736582,5.334058046701881,0
-10.201714948455063,2.127307339834011,4.456557320024612,5.258140753947233,5.358282449843561,0
-12.307407814020582,2.809297730362102,4.38672353749787,6.2931576690861375,4.196794173280482,0
-12.95780449732125,2.648245367710445,5.207149186323017,5.788424750331884,4.5618776204088665,0
-10.619632826635739,2.7740697323152,4.66127889446977,6.920463176207303,3.251328848205248,0
-11.780294930241837,3.549747396635287,6.037367682567659,5.778976475317238,4.695313414242076,0
-12.649239799215762,4.326741169825223,6.22482154557178,6.5834170736533135,4.440500431568738,0
-12.36454255328567,2.6500593160990777,3.4323448208081557,7.580682275540364,5.140327629547583,0
-11.129810094579854,0.1669402389404131,5.83672245241718,8.10814352611818,6.075167392623241,0
-13.304819166349162,2.4434305462459958,6.528228075927252,6.493021743009327,6.23874183076089,0
-11.415094360130452,3.5319435447602148,5.31283598223345,6.6744499042180685,4.71044668053273,0
-11.016601422039953,2.249834859745147,5.019902717916778,4.907804859160696,6.3524675924836425,0
-11.799093362161658,2.1587127255237113,5.860366841745643,6.5820115529753105,5.4650189530213655,0
-12.342816842253285,3.627579335980518,6.016406592617146,4.55548244698866,5.528562484272987,0
-10.842330581391582,2.9742623211229335,4.473061684950819,5.800656755757777,6.686560777895609,0
-11.2487473918146,4.263897023456682,5.346920410185044,5.517780932419926,5.110751696172144,0
-12.094037994329604,3.7551048216299074,4.732368470086836,5.166158551714187,7.329358288165144,0
-12.539570381664513,3.4956566258692723,3.8460778891824123,6.508617431664327,4.386987343454045,0
-10.786349335858706,2.006508027114762,5.294885305003726,5.57849079371067,3.636944470853213,0
-10.700934061411614,2.8372423244992957,5.961433664374525,7.517455933507007,4.3561454379942015,0
-12.803490593301854,2.431378174483063,5.340087479424298,6.538694074646702,3.838857840290667,0
-11.451750684134057,1.9422211772693372,5.232301263164044,5.128028041484579,3.1703073712301792,0
-10.924793506938544,2.834906531242747,6.465743394821542,5.9752145557991545,5.585816445132693,0
-11.157385908631706,1.7275393251806024,5.09141961856491,6.0674971510186415,4.626421845369724,0
-11.585606435956436,4.021804672248874,5.671646813925458,7.001968515081909,4.7557041901771235,0
-12.245253664213035,4.7743744971555016,5.42282382548329,8.602830764354106,6.466768087641865,0
-12.582505179471559,3.148095261497389,5.619192849184103,5.9642859030087205,3.6269323071772015,0
-11.348961099163892,2.9820006644148918,4.974425394540583,4.675332368122102,4.637028122893725,0
-11.451064040295691,2.7525051668622225,3.9131769292062186,6.698683912734322,6.210161797625845,0
-11.500351376252688,2.9422380573572027,3.2335815505896197,5.756598126741528,4.434423329396862,0
-13.34996736530449,3.8633581311496616,3.8295653954415227,5.867192074910477,6.245216337470269,0
-10.805023493500332,2.64603173646159,5.763090758261483,3.993699298902395,5.172280928922287,0
-12.04936575692724,3.398051381977079,3.2933811833864644,5.73874572211696,5.2957976124698725,0
-11.363329737075631,1.642348192122162,5.9920094069758525,7.240888365713425,4.2306301326867075,0
-11.585854049934685,3.279202871735045,4.464742461631479,4.843998612310758,3.228407800488804,0
-13.101938207146164,2.2492332832564133,4.212124641968345,5.401702314088505,3.324544115935411,0
-11.422273171691826,1.9827243403680905,6.529901063785779,6.844740202640818,5.68641654491872,0
-11.880945791171674,3.9255857880725937,4.83443180321965,5.5177004978136255,5.387831878212385,0
-10.70146303472311,3.6692383434660347,5.099138935470604,6.825011759604128,4.443393782290473,0
-12.391757017638554,4.464819522965908,5.544758045623822,6.363371115512721,3.3178345783860426,0
-13.034487174654451,3.0734415033481723,4.4910551572054365,5.948675197001786,2.741166748878286,0
-12.177902104783344,3.1744542963322906,3.9575770786559947,5.8491734235375095,4.053889523671993,0
-12.807878612215028,1.119124258253619,6.808143494951287,4.415624130820306,4.630048683992327,0
-10.68016957692233,4.963929973717173,5.158007971817888,4.375308074381734,5.114126422176468,1
-12.506354992788614,2.9945365929802934,5.807074431725594,5.678797320673866,3.9572136419932407,0
-10.27742348107413,3.3149850926450397,5.266181958823485,6.644566848895632,5.018811352950741,0
-11.393695204839302,3.7402957962364574,4.056394453264285,2.599455105622315,6.898976375694379,1
-10.6820146875165,2.9398771535887835,5.976841012297937,5.300923349001028,5.86684531844898,0
-12.189821063470339,3.339444478775893,3.1936295478080896,6.605262855602416,5.240847892794229,0
-13.530493136063603,5.401526482864456,5.753078305687194,5.545979068780522,5.879719280258444,0
-10.887740841823843,3.3667177528917267,2.9329506017163123,5.959183234795762,5.913046610870975,1
-13.60068128755153,2.982885974381375,5.559476214514706,6.525592942064068,5.3600344973186935,0
-11.363185742800262,3.4465663430463263,7.301162663322937,6.106017146730497,4.04024454943585,0
-13.009214652862454,3.3300487846796534,2.8127247961011745,5.168558451943412,5.2476208526473735,0
-10.930890572868961,3.229977486548895,4.8123063129092625,6.997828065528207,5.796992442995718,0
-13.052019034459576,2.132654315524094,5.795260443882366,7.169418785345957,5.082706385366021,0
-12.130513119244856,3.6017780806312967,7.8313230723796945,6.884913391823829,4.00129205245185,0
-13.06182806976316,2.105573406074733,5.621331517891925,5.734451958310165,5.8064678255698094,0
-13.65084424079209,3.491279328460513,3.6614945361359097,5.703911668775157,5.613710414077608,0
-9.317638249594872,5.614096619856409,4.820575886948597,4.448739001414477,6.861263667515664,1
-11.492535952373812,1.0676175553641973,6.5902115485689094,6.954773155320932,4.104409152826024,0
-10.570852808126121,4.089410973444215,4.212929061420421,5.924079249081401,6.153784799562714,0
-11.653713792430153,4.472547475064734,5.252859989032466,6.64426782634533,5.1099376448048375,0
-12.532118603746708,3.7689086439794433,7.006949682693264,5.110212938892229,6.0718665004100885,0
-9.623572228133256,5.051233321618265,4.834290726974711,4.766129115266259,4.872312063645163,1
-12.761493142817844,3.2366529474954415,3.712443091605609,6.494266334410633,5.1412551021800965,0
-9.354739535034588,4.238094809166273,5.494897378557184,5.37619236785923,4.790961790211806,1
-12.069860739303508,2.7663705868800226,4.540345969647091,7.280583691037698,5.376196607039241,0
-10.676354776540668,4.779152207530197,3.9763235826873693,7.858718466682296,5.868470067164525,1
-12.395757097891325,2.8892021204166642,2.0301014830852124,7.413507312133914,5.097171462460569,0
-11.721580539669835,3.9026132569017,7.249288268442829,8.006431335777458,4.5180157076274785,0
-11.371366371434263,2.01628983337645,5.368204996714829,5.950010100954726,6.719494360867651,0
-11.866005786463552,2.7261808472784406,3.6744907524180883,4.678335759294576,7.4913410449602775,1
-11.725876749793413,3.3672964642817185,5.195889334415657,5.886471293714145,2.911072938634416,0
-13.912196921074862,2.969868746479096,4.693049601273362,7.061962428097611,5.16019406375146,0
-10.302727988199228,3.3139288357123364,5.237489314926698,5.598851480105653,5.756019854715952,0
-10.539771689998894,4.141581282042536,3.4289569753284463,5.366362797380185,5.694874715000945,1
-12.427926883015747,3.098076528474109,4.475455176803131,4.860376521294011,5.366820389364022,0
-13.010812914493137,1.9077454316876639,5.692837324452259,6.586544571557256,5.46707336324989,0
-10.817689523868678,1.6501952880018078,5.589613563400789,6.114726235662243,6.467621902854619,0
-11.03992237482006,3.5934783321583357,4.362097300323979,6.608409715060196,5.596801623744674,0
-10.829983969531444,1.391857425952976,4.04504787827902,5.952040426840416,5.741198941348041,0
-12.011991023964015,2.467241080227047,4.251524811494441,5.66167943082423,5.331467851295296,0
-12.616358655356175,3.951874795513871,5.693628357057639,6.807979100552874,4.089309033745699,0
-13.911317881125619,4.169672177713463,6.105964605279025,7.773249242727179,7.0824425196173495,0
-12.442371990296522,2.6847446603366016,5.230530063705862,4.2548728906706135,3.8765897157705083,0
-10.987624047860066,3.6231457519167494,4.559829816534229,6.160082255550019,5.8999327884456845,0
-12.585936848038537,3.8441485496544954,5.58322395180695,5.857754016907636,5.091053204595035,0
-11.950089748445583,3.071277687805279,6.077116100309853,7.019528863028603,5.3341036040275345,0
-12.287051262458625,4.366767803081435,7.167100044528947,6.255873314370533,5.273355034710904,0
-12.856900118050078,4.103662074945224,5.60636852049382,4.80439825446699,4.626272327904444,0
-12.007936586729096,2.7588418358163556,4.624466101572459,5.853113882466606,5.500139899983293,0
-12.087261644322535,1.2987972056098334,5.917543833456257,6.306874934408348,3.385540851151605,0
-13.416569490900246,2.5067348701981502,5.255768953612431,5.727050175553465,2.827326611681403,0
-12.778120494835978,2.2127076370867687,4.53824062699155,5.68664793140785,4.285470431181945,0
-11.23624827394994,2.0374460179536067,4.635793390273319,4.283666230830245,5.941748346283062,0
-14.138071428852681,3.987993158030548,5.820486612333616,6.581123877301396,6.777450826040466,0
-12.344308410876415,3.8200590627114344,4.88619392255252,6.37172525535686,2.341968201283521,0
-11.251747271071915,4.277438680905497,6.520414758243655,5.623594033293607,4.797250073752105,0
-10.528283074802658,4.1313826361556005,3.547325840532229,7.17540170791467,7.018506933245311,1
-8.513306139812535,3.5128396911212865,4.342089646940678,3.956621655589039,5.697901513256271,1
-14.192270321123953,2.300411428152278,6.0562594046679346,6.112249444448905,5.206482238575024,0
-13.107623460912864,1.9656888232833474,6.2324444015591975,4.472150738933274,3.502853540020106,0
-14.867893097103284,5.176545412790185,4.822753448570091,6.349864886483754,5.429181263789427,0
-12.85511869532518,3.674438821445722,5.637205415063097,5.684765564292232,3.129271059021655,0
-11.52634520235235,4.654131731229418,8.463712844016289,5.160821709892709,4.523274530461543,0
-8.89654679303794,4.273171128977201,5.401476043863155,6.546844667059498,6.262828844886249,1
-13.627710659325935,4.484488746910986,5.7965239174492345,6.442270204655359,3.7979651653431166,0
-8.985214548860972,4.142705608407626,6.911243171879736,4.323334106453225,3.099616845123684,1
-12.229434347603078,4.0839290108411905,4.973823920703001,6.712638874996449,4.897238686961696,0
-13.750617964112973,4.070708299084281,4.89071799219715,6.803831351520807,7.301077793797221,0
-11.125647916374561,4.106901341871374,4.094201431304636,5.944778629447312,4.679676320506858,0
-10.968999942385981,3.0378350811362917,6.3270345387294835,5.7390079740582305,3.4470590504001377,0
-9.391771167958435,3.492022627616189,3.250174290524032,4.423952420820601,6.593073332747442,1
-11.551884076641835,3.589298520936972,5.820053815904846,5.0047457262611115,4.632211870874718,0
-13.190042199041386,2.6937942534354584,5.446587984830564,6.523630066550365,6.6891952984781495,0
-12.804303879560576,4.160014642239542,4.858826966341362,6.995536936543588,5.078047991395612,0
-12.024082009723543,4.1521130634134655,3.0438212756247,5.454913933099042,6.657890423889431,0
-10.222022844732258,4.444404947098348,4.892512318489893,5.425456089099191,6.042288299634657,1
-11.851010775092949,3.0536645746937463,6.903521109219451,5.061145272096826,4.85724476229127,0
-7.64225946011762,3.1437876150922506,2.5709699749812094,3.082083221065105,6.403374857247052,1
-11.692512944051025,2.903392344761411,6.542007954299177,4.420073860428808,5.634511012634349,0
-11.895505849094404,1.9010362020023157,5.994830194068679,5.6656466398107,3.982614222738422,0
-12.818265971010481,3.376343620548753,3.91109229522588,5.659791724770791,5.338780504672463,0
-12.833000616489517,4.371955105713118,5.035947400033434,6.626972229560366,6.066222420544407,0
-9.703577541783195,5.067809339305967,3.1349583256997766,4.343877844355177,7.962764453627704,1
-11.403611090950427,3.081881914222415,5.196561355108242,6.530264048607304,2.833767237415491,0
-10.818681041925245,2.7785058230982638,5.61384982996839,5.1252216683158744,6.109745818377641,0
-13.411188560799863,4.0803321816690055,4.643201054770073,5.1982882929601795,7.025445690884187,0
-12.7501750681488,2.59955165040137,5.663918707578654,6.3715311840547315,5.082743136673548,0
-12.588692345270852,3.3893183400040328,4.508574841233544,5.216313625062736,6.009516567080777,0
-10.798114366403615,2.3305157443780775,3.0079481431023494,5.040770766608291,6.02576812590379,0
-11.316087002195232,1.7694050562686483,6.181952946592127,7.1349368287008215,5.795436381675,0
-11.003679948598807,1.8114380293525063,4.1628315562134395,4.851503303539143,4.80653433373219,0
-9.374089905994387,3.942789098680673,3.3229353024850625,4.993296383915463,6.2781735860515875,1
-11.41311848106196,2.6561761643147843,4.327171818939721,6.987280116967765,4.2804866064810305,0
-12.350072823032901,2.31361396119331,3.9325346988989693,8.579418355433791,5.8411987116924395,0
-12.245007317902168,1.7982867687337323,3.5521510942691004,6.508725108050972,4.441882195211446,0
-14.721152789054536,3.987451115986688,6.092265595672106,4.8555415246903495,4.894090166227492,0
-12.24559488059486,3.528419453237272,4.957900740681722,5.581676064243588,4.999491914619631,0
-9.293431362982206,3.5326091390872096,4.554150528007402,6.598777224349948,5.203408243155418,0
-11.024043546658412,2.374239237504684,4.592067792539533,5.463089503572258,3.774227969602336,0
-10.226511869582806,5.331310013182451,4.5205878186965505,4.2492491343890055,5.123255764414115,1
-12.10064598695057,4.234433486786245,4.717955355569194,5.415253121246806,5.315655539465064,1
-13.358489796098542,5.123001151520501,5.486848817072859,6.983571695920708,4.433067957180829,0
-11.068761330565424,2.4297083570005755,5.033495671916909,6.846957878606421,3.8806757440440576,0
-12.937126687773505,1.4798104342847491,5.373959972689887,6.781109064519691,4.816899111757436,0
-9.736956797419383,1.8765643296928443,3.050578313705228,6.0321544381368755,5.628680531730075,0
-12.32095428597994,1.1609341985174084,6.112396325968416,5.614376485172539,3.6463313373366946,0
-11.785056554116219,4.22648456719314,4.218559802288475,6.330027408705067,4.987706026034608,0
-8.308954812487611,3.35358429454209,2.94504976885023,3.546690728759173,4.6549852959567115,1
-11.76811713995835,0.5104046700627056,6.927196796712697,6.834221828379702,4.689788078133281,0
-11.226097502993175,3.158954603440597,3.5971045491775433,5.216709574977582,5.660203402456595,0
-13.005186335801397,3.583959900998412,4.585801739500978,5.504201112711,6.238630101396149,0
-12.380933029096349,3.7789223101420006,6.2779013052826445,7.44125419377356,5.57333133903247,0
-9.873267983357293,5.361936563995975,3.598847937749479,4.1804270238822046,6.214250493843512,1
-12.702406266928003,3.4811242678708547,3.9933593452648046,5.517517448249469,3.787570991920071,0
-12.180139985046274,4.602453300145445,4.094189651554256,6.555698640486634,3.2332108803120176,0
-10.856477083468862,2.2503406228581544,5.494365603191607,6.4572994726086925,5.7113891692009044,0
-11.453761590561774,1.0942716894985618,4.812585360524993,6.849062926563525,4.943147817013031,0
-11.76137319829823,3.3247696918369005,5.7431195822686885,6.026800795508524,4.559234853357468,0
-12.548867967474395,4.342417970299709,5.063866367597257,5.785792677245056,5.110919096619972,0
-13.347421559912373,0.931608201444504,3.792560691933545,5.67443872817583,6.734260675918784,0
-8.42310230248234,2.068831596827504,4.166786066806123,5.495979202588099,5.272773907835161,1
-9.143845635356016,2.994607071639128,4.032365604044634,5.505489284187219,5.66043319825899,1
-11.008305405453749,1.2132924673454464,5.67135902694772,6.522102862031158,3.4993593868413897,0
-10.966883938554446,2.633740286734159,4.770770208202055,5.229720688636328,6.029256842963518,0
-12.418241219655377,3.1027060729992493,5.686758032981406,7.138142547688055,5.823680531065109,0
-12.649742249243777,5.049060882082278,3.3011304122418514,4.741567575412978,5.692359384162984,0
-10.374423305700516,1.3113630238388791,5.598191987407255,5.712842085342336,3.930167915046013,0
-13.545305501650244,2.345100745378188,5.398905775735585,7.911360755925613,5.447050388698006,0
-13.427475535688211,3.626089765673386,5.0722758311871585,7.221372354822902,5.8432030278958464,0
-12.0272737775178,3.3921660430966645,4.226344405175564,5.381389653181268,5.611772761790449,0
-7.319447587524256,5.997766997468007,3.4324684204649496,5.528881254075527,5.9941127606469005,1
-12.592540170615704,1.9510491587529186,6.355541537548362,6.103676972200555,6.48891912254266,0
-13.050301905165464,2.904827723855017,5.1609282070667515,5.071341614274971,3.8191571204654506,0
-12.37432052077884,1.386842337520476,6.632306273432041,5.705019685767586,4.661542629705,0
-12.176667622629823,3.16807222665788,6.524594351212405,5.590131492238443,5.391300092550306,0
-12.655913648678874,2.806240844447746,5.8334328293790465,6.427946228808239,4.917834420016611,0
-10.91869550299905,1.5472872932885495,5.425803315995668,5.982086746067988,6.16629227273179,0
-11.37120481234154,2.803502831889711,3.291415422707331,6.806372078340292,4.914580115712155,0
-12.240183216071017,3.3670446153207507,5.357678130838446,7.200861188975601,4.387988302500098,0
-12.995192182572527,2.1950355988607924,5.794071178023977,7.700831682289515,5.414505304994842,0
-11.86907603969463,2.1742449326634965,4.004002684578881,5.624301736518489,4.217275243773917,0
-12.69161381852726,3.507701144739266,4.8812290630986155,5.605223304770473,2.89976121933591,0
-9.094809189624472,2.03962348206176,3.3895184486321224,4.501855577405981,6.128973931080279,1
-10.929355925971201,2.6669938547290313,4.7597073195932795,6.9516888539301105,3.4184921560911836,0
-11.383579871104255,3.1303912940707015,4.966626894670707,6.585679677020832,6.176083061309514,0
-9.307719808912147,5.905596059593249,3.9307460011876523,4.333817760411944,4.2973135817977,1
-12.93315107325544,3.3060738768040294,3.1597624370428328,6.200523474448457,5.099793973415991,0
-14.67705590489974,3.0147169496260835,2.972362393430863,6.542949072101587,5.343123297048898,0
-9.348260926555664,3.686722026779921,4.739786775468391,5.3204528390052435,4.536594661471422,0
-10.984512443578408,3.472381114043025,5.873549170773886,5.626537603083639,3.700089479065901,0
-12.931814454228547,3.1922435836085596,5.581556861096103,4.548637879194985,4.783653217807143,0
-11.691482402232175,3.7445402820416596,3.3813345987283414,4.688424177367258,6.013243376468036,0
-9.14112848543742,2.968026505990975,4.195315959438028,4.80872158421067,6.677883351360308,1
-13.047681556522587,4.85702155686703,5.3204006513192885,4.904873802472585,3.613212587106128,0
-13.459012329721396,2.633452643056174,4.550954516300767,6.285325093837194,3.035851739788379,0
-13.603678942272927,2.565831182594523,6.726471563056364,4.695107717793412,5.393785372029251,0
-11.39357939823128,0.7824637730578203,5.030031071484113,5.981123685274808,5.8941972379373295,0
-13.45955477436984,2.1032391025875157,3.417655791819497,5.916413094697512,5.6845407919988045,0
-13.056612037209828,2.9866109370244462,4.346420511630273,6.885236053953309,5.812497499821185,0
-8.687976222585263,2.549777042400475,4.959632748204981,3.6550733598968117,8.207490519686399,1
-11.232624359831213,3.0583153605033586,3.986176949039491,6.216874211260159,3.911105525246402,0
-12.482349608229715,3.1248328163959886,3.7934834743516417,5.901069679199205,5.076649530529112,0
-10.873206245536785,4.397797178280877,5.406294267830777,7.1413069991649465,3.864731627965817,0
-12.468969566196586,3.367512229423367,5.301806368973176,4.610428072119581,5.444387911072475,0
-11.101677719906114,3.3846524817376866,5.153201843046848,5.631666441504665,5.1588931271271665,0
-11.32442003050497,3.1584921091534066,4.858160950615625,7.989576765285416,4.666639224320768,0
-10.863043215762545,2.6088390644017174,6.390084184798242,5.982653631007303,4.766858429898762,0
-13.968629024640368,3.2852378261815645,5.546584018069569,5.380221352413563,5.231122802735234,0
-12.802302039434355,2.607840243484075,5.384540692042259,6.1070317532389415,5.93213231401685,0
-11.951492931748044,3.762841156152711,5.914342776308026,5.148215023580924,5.450114518003859,0
-12.847583513551523,1.6472742861705314,6.249089579768625,5.264227186433461,4.844641755674099,0
-11.542295363089423,2.284315889348757,4.280627269928235,7.285977240976226,3.972264289661127,0
-11.63302326309352,2.415750281696689,4.878005009596084,5.751749579953111,4.4203110712690625,0
-11.960209751599233,2.123912742759734,6.311152722878405,7.091663402729603,4.432813022624999,0
-10.39521057861165,3.641488609093903,5.939922256044653,4.652599951203285,5.855928598579422,1
-9.919297126641844,2.451489940823584,4.951909101562038,7.067357407505484,7.231288403456702,0
-11.767062291642484,3.3439746143542046,4.829887673728165,5.711683051236265,4.776239293110076,0
-13.784800331637175,1.61662678542983,5.407866733440599,7.065511577942852,4.731065116042414,0
-11.99772440296462,4.535757015957575,4.572313136363622,5.435275830842736,6.525904909811933,0
-12.309247969065282,2.0911118676001803,5.744597127308042,6.251862216796514,4.950329805658979,0
-12.759502555620855,3.3377609485442035,5.3568776505285545,4.997990236477861,3.6721940121641574,0
-12.281808150622961,2.0478131546795493,4.029332791600394,6.283210290966305,4.889916427827955,0
-12.974286651020996,2.565662090869309,4.583697153401884,5.486518458838438,3.9784133533861943,0
-10.990295690218137,2.7126588079603744,3.6332163725355255,5.1795247626875165,4.407711498516807,0
-12.653636125463965,2.9628760673998844,5.2368830705419676,5.297936242055274,5.114524109194445,0
-10.063169428884274,3.3328783928988055,6.043969331296796,5.952303354386448,5.538977387884036,0
-10.522264948953639,3.39022052412232,4.449527316496897,5.452440952862269,6.763499015435633,1
-12.179446400773706,3.571396666986973,4.988554879245883,6.250751385188269,2.748466975161497,0
-11.011923279014145,2.6694231028572806,5.093745396457037,5.267280868989318,3.7410551374555174,0
-11.75088418108039,0.9214553741832159,4.373552205827042,4.394466199728715,4.5327269542827375,0
-12.373244756586324,3.638910595597441,5.053859513567367,6.548769789408929,4.463797017834655,0
-11.250771461800003,3.8007491587450213,2.6034116060436636,5.256190551958713,6.035235977169316,0
-11.258462395999913,2.066078351106178,5.366912026928168,5.777483539523884,4.568769624501624,0
-12.648292286404804,1.8041654148966555,3.894353518694411,4.666899177002919,3.927657717771472,0
-11.551528879492514,2.6057080187392754,3.0912753299678997,7.205146005442092,5.186837074867933,0
-12.269864388514378,3.7184416085520615,4.026834998084816,5.532005611379796,3.641181983077205,0
-11.166562849687038,2.1721315152599465,3.3210653288417946,4.849658844379513,7.182315421643476,0
-11.677362867942525,3.7673174014793003,5.559641420843663,4.3056965072268305,6.075909936860327,0
-13.944188305475988,3.4417084751050084,4.429247659795928,6.519523508632383,5.7165620550507175,0
-13.680032777018198,3.211237957729928,4.582794512297771,6.339607514047797,6.856460506693063,0
-11.758481948305665,3.2582898762553,6.604841927276428,8.532285743597159,2.513221915991924,0
-12.314573310648194,2.1036443838276573,5.093846596648193,5.469251488457774,6.2227101554130275,0
-10.553737473821744,2.9599069675944216,4.167527203619065,5.467761562964757,6.75987131594821,0
-9.055438005830718,4.218588886108393,4.317542979536357,5.554809401632734,6.130289749281679,1
-10.593073880053327,1.7012072511371061,6.090001286879016,5.899947888353546,5.941315714321932,0
-11.764187406135603,3.868179909493558,4.990253039813246,5.270578753178646,4.5848390437236235,0
-12.407293948685446,4.167944532838632,5.141352494361479,4.713849045072311,4.627854300916615,0
-10.518711008861754,5.729190514542173,7.013084759028204,7.344994066083241,4.715017752271783,0
-10.768802204113399,2.6376311543905167,2.6724647162890642,4.406793188941645,6.04373806561147,1
-10.314155891865408,3.165865586790269,4.518413944574119,5.9778691900119485,5.9357190898179795,0
-12.538848626781519,3.644292860121293,5.5981849935602845,4.988876581126658,3.7799394035141836,0
-12.245714860407675,1.1795131103517524,4.320953605800446,4.78424856064423,4.671813878672437,0
-10.979798138837412,2.539272174865406,1.791865144626319,4.070162771354169,6.382930873366341,1
-10.064229259360635,3.0566964935941785,3.8123228368439084,4.239600580693126,5.246957701397408,1
-12.409985810260826,3.430432368945786,3.7944645229177176,7.723213700594764,3.9949340713048014,0
-11.165035792838905,5.1342040468077865,5.054108183688588,6.451259343313899,3.816442325844659,0
-9.679451313436953,2.406138119330313,4.174042269008825,4.069721059469018,7.568629042047159,1
-12.635822854606994,3.012347099317274,5.7954568442908725,5.01108697720511,5.766569587623719,0
-12.917292520653167,3.2392299763332186,5.243445686710796,5.206994256978406,5.603260302715645,0
-13.059048029128105,2.8724983520418212,4.483879965067453,6.617011297349994,5.62306490877952,0
-12.58829102231613,3.3032406255811924,5.858011600893189,6.554797068789167,5.668499315494277,0
-13.123841409736599,2.9181783872401206,5.39439708915433,6.238100633560789,4.969707792155893,0
-10.379847866362173,2.780894593828756,6.193948096803004,5.263416599465253,6.1387280524365835,0
-12.358977791192013,2.634353201710146,4.744083991467638,6.849465228617799,5.63082808767674,0
-11.824033901810248,4.129272462084511,3.4433661167989946,6.759484808516935,3.2954026207798166,0
-10.302725374160852,3.1702501848493916,3.382482935684658,6.592061700480656,6.669412549852327,1
-9.176150177880567,4.296999335761715,2.444421673253258,4.529414121970511,6.764107110524188,1
-9.945954823549151,3.1209680344255277,4.365317632078964,4.036602512678432,7.424732831937259,1
-11.996982922575102,2.3904271713575462,5.5018329485340765,6.544031547487768,5.439820930245574,0
-9.523912508698224,4.171782255021467,4.9672556516598885,5.155040817308558,6.143329868207034,1
-9.588692747963576,4.429809259492673,4.49921561661309,3.5485176587612006,6.690263494153549,1
-12.5704134919821,4.7359577661948675,3.7266843316883076,5.610839978959649,5.182958232932888,0
-12.006752830468885,2.3705794038383257,3.17637756059965,4.43817700338876,3.9421566072414462,0
-12.73408887156698,5.577866209920448,6.786400131930785,6.654256130581337,4.266164717155025,0
-13.67754275354106,2.5341322385745775,4.335547690922212,5.884000784901,6.191856865026297,0
-10.652640860731033,5.798215870695255,5.715691829544555,5.12413687380815,5.955489478857418,1
-13.318787574846825,3.221056680845244,4.810383943356332,5.288250816354679,4.320952176120899,0
-11.40645889475892,5.57677357434524,6.24678646004896,6.505307337921711,4.771674676485643,0
-10.91972197187585,3.905650409333144,6.527761107044222,6.019595590348729,6.174050979480062,0
-10.484020810600967,1.3781307939224015,5.874825277454946,7.503167535354468,4.213676574134504,0
-12.591777413997884,3.2480339859973446,4.711010625134051,5.939876996078884,4.658660000486383,0
-12.935828663107895,2.9734868699898174,7.275167151625501,5.927422060540333,6.817434447138111,0
-10.121601600626427,4.854558378289015,4.538670428032857,6.057392326384395,6.747424006849432,1
-11.246745473164818,2.966371471433754,4.753418497913961,6.160532873522144,6.052986703075767,0
-11.93317368924905,4.191958081609992,4.072597933278304,5.6605231082793885,6.123126139087582,1
-11.258749015616363,5.103669495632861,5.693335426143512,6.9889664042397674,4.376436123615553,0
-9.968475760894709,4.1117252957980615,2.5860323119288404,2.8175997790082676,6.075391122763287,1
-12.6226792624653,3.736328481873952,3.0316249966680466,4.423078834169361,5.072729590861968,0
-10.01934333367324,1.965813985012106,3.225340715152962,4.196702138357611,5.832291703723939,1
-9.552507297488795,5.354824576056388,3.910459102977069,4.825523678942983,6.128455742014795,1
-11.535518053869616,5.044316218975492,3.714025270511554,5.214669594731295,7.20865346368444,1
-12.794457765653226,1.458149336461373,3.9645640242085953,6.834832390754601,5.639813449716942,0
-12.508030009387843,2.6522913843520244,4.657868745862057,6.724700793052156,6.078681485314956,0
-13.304740794869232,2.5922841515105044,3.7285981267630506,6.088821957596521,3.232683927447582,0
-11.629279197154283,5.348577281618149,4.229232689784565,5.882661629618216,5.084864329354171,1
-12.233263592390797,3.1443126581920966,4.868249926696578,6.324141423287541,4.6078214503841055,0
-12.095671807689845,3.957436680203781,5.330218523314861,4.9501222364647335,6.800225739764954,0
-12.604078253796647,1.701258487865232,4.037092182692801,6.098907119940654,4.6697768383853715,0
-10.868058060399175,3.0387652978888933,5.6484272519750665,6.389312412125615,7.035369906042976,0
-13.56629248943529,3.5611560487129132,6.181092925889779,8.588052351458806,3.9805446547599708,0
-12.939634303755026,3.4919946266322084,6.451984869765588,6.220296177287165,4.1575359241800705,0
-11.084718706286012,4.605860092606602,4.021567352597219,6.617844414570747,5.549455877907652,0
-12.267084626634015,4.605635383780054,5.752354520246953,5.190081434527171,4.77677241012035,0
-12.599424705884783,3.545226454635943,4.182832640762274,5.223668368928248,7.003583506442759,0
-12.423663371806589,3.9187315597792702,4.4863473932812665,4.68483195391866,4.234815711045626,0
-12.894140367479428,4.255121989033152,6.64502820123604,5.6208958664144415,4.256199063519398,0
-12.438503321365538,1.1081949603879597,4.7161846411710835,5.046724030072245,5.023559610260902,0
-14.6164914778839,3.770645430914534,4.919850796581195,6.539626080942709,4.812297135362655,0
-11.870814385753645,3.9413179688558384,4.272358699988259,6.068168915521676,4.396167322131941,0
-10.745237465496919,2.193832797390613,5.39153800964944,5.321361572631659,4.707243135858207,0
-11.877841533494063,3.1487788979638887,4.774545543618271,5.686830914775011,6.998597265425415,0
-11.998604002156716,3.2113928997040055,6.849962862132511,7.4795346192196295,5.553271344989636,0
-11.939820555816405,5.375449673384421,4.48226268169014,6.536436942307492,5.66167243441527,0
-12.011989527811465,3.3335761162494912,4.136778139704408,7.934271856361118,6.7946459279538605,0
-11.990522460867782,1.8322328694726249,5.7677555148418005,6.6946497574341315,5.309998420028402,0
-13.65580542478937,3.8551985800408737,4.552239237482194,6.150674293885173,3.7079328770513658,0
-12.19804665310364,3.703572887208421,4.54885626248095,6.503494286190959,4.992376103540071,0
-8.241489055548236,4.192070596640414,4.779255418476788,7.358859284645351,5.338563666594442,1
-11.690410193094793,2.670708955419062,6.3609375343789285,5.379366744976434,2.713263174398664,0
-10.017413924611134,1.607854092402663,4.97049965930846,5.168694723337564,5.159409988024198,0
-12.692840718467087,2.9561658142322322,3.0509719337680052,6.665293818596299,4.775030385602246,0
-12.952366323431397,3.303474553707086,7.140313446518729,6.397097609200763,3.6144575758819633,0
-11.760097695200546,3.3496721146615434,5.125478769626533,5.6312750177508,5.1855451545956885,0
-12.04928519283363,1.6966114629180606,4.332599833784847,6.837241610187302,5.603148950932242,0
-9.420073000390321,5.118362077475053,4.023603600750167,4.9779884429443335,6.589469873386421,1
-14.20207990752245,2.9403507729541274,5.062056419711916,5.846794685560591,5.63661555677368,0
-10.733936746288448,3.8958035146154097,3.2966654814234317,4.960855012346959,4.009664013140274,0
-12.354178083807588,3.645728933905792,4.521941909035326,7.0128483326903,5.244756149853827,0
-11.150440960034038,3.86630268564815,4.900287843269999,6.944317913763498,4.965138515749363,0
-8.22817101132643,3.997546461744389,4.842868082411646,4.55084366313025,8.123021923220131,1
-11.178939232386414,4.061354890305871,4.027980873008005,7.707465818955331,4.454287944426682,0
-11.206627405972895,3.9970025172477563,4.245857101647923,4.256742603692078,4.267877791048549,0
-10.637618744468872,2.4943572673348524,6.882113672414763,5.332935798518411,5.18646439419044,0
-11.852634111549767,3.4890892416941504,4.735194293943054,5.767705997382691,5.140256647219303,0
-8.56106940211987,5.571009307890904,5.397257777988038,5.417434382794184,6.840742118076633,1
-9.979706612855026,3.358399929863305,2.523783407109696,4.846322943601883,4.1804660989707205,1
-13.2159044775661,1.475243254477056,5.13373385955511,6.309068592676639,3.9444582202809424,0
-11.771906860286606,2.7747513797653824,5.799429518140009,6.1233606100749824,3.8041178643844145,0
-11.93709995983178,4.795320351741703,4.170915769399538,6.088078656081638,6.880786717389088,0
-8.93976410453235,3.402980548251924,5.532340308685318,5.2447650020590775,3.7000893654076323,0
-14.181830322595173,4.914682255804388,4.861444272190511,6.699677045445115,7.700042500121707,0
-12.887126446398302,1.668902975749513,3.8777588025670404,5.695395388823744,4.167646759902738,0
-11.50747191271009,1.7538230940304125,4.127005089057789,5.517228262600819,5.2462122085997684,0
-12.864221227409292,2.629834397649398,4.489624016250843,6.296983427759713,3.848086453233698,0
-10.95009007463813,2.773959053383053,5.311593418670787,5.9138653132562835,5.786197688507312,0
-13.134013885101123,4.230015799280676,5.290835039543468,5.725343726231101,5.32807346964729,0
-11.02372371159778,1.9806281568963209,5.339769129808083,7.218794513409728,4.734143259890607,0
-10.718738657108984,2.7802955023441536,3.7061972174068605,6.450911526652162,4.790089779056378,0
-11.523999251516495,2.9375626553164174,6.1751049455230955,7.997991387084795,3.4552589104523985,0
-12.01710154761842,2.4155752275504825,4.556476842443285,4.177015149195246,4.042964789485356,0
-11.790691711814528,4.15925958383011,3.107729532996827,6.332898916913604,5.3539087526856255,0
-11.415300138479113,1.5928652867828665,4.406603123962529,6.365551523335189,5.58935003844261,0
-12.497361688542409,2.179183019111795,5.584198718816478,4.788644156575358,4.511524163630911,0
-10.607936865294246,4.161785465344552,3.486947848798098,4.791324138202774,6.068831927788728,1
-12.36397183480768,4.309794849252455,4.278395483740328,6.822128334265957,6.900133206158616,0
-10.710287640157352,3.0806217145634136,4.8972024601964135,5.8429458649593,4.865854198301894,0
-11.968130193855785,2.8488265445706653,4.157416899216852,4.722890579231714,4.106620183485819,0
-13.786383144556403,3.139380038402427,4.359243874291231,6.328494777926323,6.689317703373112,0
-11.117590579968256,3.7415251434292056,6.96285826459105,6.749947304214944,7.670077421646464,0
-12.838460466136008,4.109040945875652,4.1136126255150804,7.082576057844577,6.4039032049841165,0
-10.027868705566227,3.2572149040847265,4.844111392592715,5.635630446840377,3.4097989997206213,0
-12.68213764230716,3.9184324272122133,4.882929229576538,4.389523276635225,5.738718103691367,0
-11.641099498701408,3.9303840968092945,6.327716785027404,5.650740230823623,4.978266338889856,0
-10.975015213524188,1.7646686856420832,3.9366098183265956,8.529452386111458,4.097391203937328,0
-11.917205667486115,1.1085545514459025,6.627939531383263,5.552930523069389,6.044356123736978,0
-9.948817218979094,3.9867293245226265,4.956238842192283,5.451149377064791,6.162134171185985,1
-13.407417190721475,3.4976911731256712,4.461752833174613,4.863572375828131,4.675297000988209,0
-13.794088965710953,3.346034077956261,6.360307074080624,8.332927881125315,4.289758737264461,0
-10.96738460738083,3.4117528326395643,5.0091519507787305,6.766704915982746,7.609668362513217,2
-11.964898422981443,4.460199109997622,4.926797146566989,6.591513118343562,4.777428711833405,0
-10.123736818362474,3.2557534131473993,3.073539046739887,5.439489296174908,7.001979561938542,1
-10.9035109289913,1.5672256252679724,5.560364269935767,5.71339549481069,4.182590186998748,0
-12.449596184243184,2.735818748798424,4.026083957132932,5.07114555614427,3.7038014705983286,0
-11.470606583487687,3.3646142438521744,3.681251481676624,5.896207304631731,4.536253345528995,0
-11.184722568078964,2.1231682846568307,5.3984748705028505,5.78029327873925,6.520985268194462,0
-11.41076882763278,4.931420564687333,2.310610026848349,3.413196743167017,7.231787808494295,1
-11.89905652644202,2.7904336445148097,5.293882168871953,5.927629061248648,6.08329112604479,0
-10.910363611667712,2.263222889659259,5.492271708368224,6.541701013636035,5.504837520292587,0
-9.87126932948556,0.7014901257729136,5.785122522010185,6.40549958485347,5.652335404503994,0
-10.979067893250445,0.7539491337929967,4.592774511851125,8.191712568239081,7.0070977397882075,0
-13.11886464662029,5.69952305721407,4.765114035956348,6.18761752476455,5.212884437315293,0
-12.12875054395125,3.1465984807068894,4.919103179746281,7.508344729241513,5.02859199686101,0
-12.71984118223231,4.770088308181069,5.552077767396321,5.233495025075803,3.6016773699715214,0
-9.41628906218538,4.875695600289765,5.801140406237987,5.748448681993344,5.670169608056563,1
-13.436266958747982,1.8488869064626199,5.494903086930616,4.820560397806386,5.116838751318945,0
-10.802472939274239,3.4594764303527903,4.549835611583654,6.007860543244174,4.127690563142332,0
-13.535858254097462,3.1298655812438554,3.6193976704358692,6.546527448600735,6.234211784332905,0
-11.543308920209249,3.595321777460547,3.7789359996743954,6.327469949682726,4.596304578446259,0
-11.917847034190322,1.4440753736764835,4.616810565019971,6.104067430875924,4.603735574458888,0
-10.984656625805961,1.5876475181408702,4.5284153147685435,5.33944289843007,4.8483774384771365,0
-11.084830694920214,5.428866882959697,4.675541682809901,5.2733526548364775,3.5554158834999394,1
-11.179429682008077,3.737947213865126,5.904115772423842,4.013064519518474,4.382773986145819,0
-11.616074283083874,2.378686205206824,4.600866777956413,7.243303950480073,5.521603478044058,0
-12.929856614940865,4.856602571357872,5.478400801354,5.684216799369376,4.063282897791042,0
-11.128057257191996,4.72641038350462,5.845485267232939,5.352344502489468,4.102821831202247,0
-11.291282636877938,2.431540381788837,4.502300255808753,6.6310357931658315,3.2615619907759905,0
-11.050894591285067,2.8641652246577842,5.653719031904242,6.610343509521038,6.9240677088357705,2
-12.06918375210068,3.461846697132396,5.9685900312711615,6.497044982739445,3.983724981065594,0
-11.283993671551592,1.832564754139169,4.828740267925025,6.136962182289409,5.60056134752803,0
-9.43164457744898,4.137187557423993,3.216976145472089,4.226593515729689,6.072320235615276,1
-12.356877396417339,2.002796395758366,5.610695973865382,3.888831474471287,1.9076122128709292,0
-10.830377087709504,3.738141866841528,6.094218572485056,6.3679416135382985,5.188230469806003,0
-11.202499419728904,5.59279828369522,5.5207912363379785,7.35729406652057,3.8197875655402007,0
-11.986066958505416,2.8659072144274003,4.8022164114776,5.365233431326167,5.0534955610227925,0
-10.355706546979963,4.602403717171343,4.017805212778354,4.80183312783756,6.447614353463779,1
-11.544525330414444,2.4440546745682727,4.7448836644187775,6.739244865193092,3.6233422056132967,0
-11.20504172996415,3.7195331527482436,5.087662256570218,4.677251593742069,5.051793978830148,0
-11.800020552126803,3.5674861363762127,5.435807975582633,5.603106831306595,5.882261419888014,0
-12.046964963606033,3.8566799090643893,5.160931044730082,5.856356923280501,7.026224340338238,0
-10.046490999658898,1.487717230270271,5.033676796599578,6.5456672219022645,3.7679341442714103,0
-12.031417307520629,2.371169586308481,5.158282180821794,5.914093161870847,3.719999234882203,0
-11.618933104050175,2.142625788871281,4.612792889393206,6.875069738404428,6.302580131269075,0
-11.683609004843083,3.5924068404533998,3.852074404140833,7.783510165863901,5.452147926711496,0
-9.794336883243398,4.792906138041251,3.988167682083666,4.683808105760047,5.512677262713849,1
-11.634486299957588,2.0823694793330585,4.837778741323459,4.074321353083384,6.678578361480716,0
-10.930287982084208,1.9274914709235584,4.4716442993192445,8.25589397882142,6.4593177861901045,0
-12.592137907266313,2.211807592684484,6.38353357023603,3.825391171157503,2.5051875271786606,0
-11.397795460551235,2.734884765698494,5.705916068564802,5.663748721487781,5.606066149250345,0
-9.54209600020932,4.739074662395597,4.993110788565556,5.647592970872174,6.776200705472112,1
